the_geom,unsheltered_homeless_2008,county,sheltered_homeless_2007,sheltered_homeless_2008,sheltered_homeless_2009,sheltered_homeless_2010,sheltered_homeless_2011,sheltered_homeless_2012,sheltered_homeless_2013,sheltered_homeless_2014,sheltered_homeless_2015,sheltered_homeless_2016,sheltered_homeless_2017,unsheltered_homeless_2007,cartodb_id,unsheltered_homeless_2009,unsheltered_homeless_2010,unsheltered_homeless_2011,unsheltered_homeless_2012,unsheltered_homeless_2013,unsheltered_homeless_2014,unsheltered_homeless_2015,unsheltered_homeless_2016,unsheltered_homeless_2017,cnty_fips,fips,name,state_fips,state_name
0106000020E61000000100000001030000000100000017000000B6C58F61D5A15EC07476C03449134340F479E0F15E9E5EC0DCCF5042F00A4340CF37C0AE69A05EC0F701E73163024340A6173524469C5EC01C2EFF79D1FD4240F6A4C0865C9F5EC04432A82844F742406B5A671F549D5EC0D294B5C2C7EA4240AB201EA501A15EC035B19FC73AE942400A58F02DA6AA5EC0BADE23F215F442406775913345AC5EC06049AA757BF24240BDB3C9D09EB45EC022F8D869FB004340D8DEC2A0F4BA5EC0A90C0874EB034340ACAE6FE538BD5EC0CC0B1524D1FE4240A063B6CDAFC05EC0F610F0AA4AFF4240A559F1071DBC5EC06EFD722F9E1343406037A254A8BF5EC0F4E2A18A0B2643408477DA6ECDBD5EC058F33B06F9274340C5C60B29DDBB5EC0C005D785762743405A9765214CB95EC0FA3A6FC22C284340D89935E4B3AE5EC0BCAAFB32021A434014948EE178AD5EC0F82B89513D1A43404EBE0C959DA85EC0FAC84A13F8164340F217B2EA23A45EC09ACB79EEB9174340B6C58F61D5A15EC07476C03449134340,400,Marin,602,602,597,597,509,496,505,501,483,423,409,400,206,429,429,353,229,171,178,835,835,708,041,06041,Marin,06,California
0106000020E61000000100000001030000000100000006000000F4A302A3E29F5EC0E93125EDA1D942400CA947BFE29F5EC0AE145D7237E44240501600DBA8995EC03523E60681E74240517C42972C965EC00B7B5E1AD4DC4240C0AC16F971975EC0533CB2E2E9D94240F4A302A3E29F5EC0E93125EDA1D94240,2771,San Francisco,2912,2400,2881,2881,2298,2524,2693,2093,2417,2638,2505,2791,215,2942,2942,3371,3371,4315,4315,4358,4358,4353,075,06075,San Francisco,06,California
0106000020E6100000010000000103000000010000003D00000052B3CDAE772A5EC03C33C170AE2342400947569F272E5EC01528B559ED2742409933D3A4712F5EC0ADF7FADE4F284240D44D9CBB612D5EC089373A0045234240DE0F2ED3E52B5EC0A3F522A0631C424051BEC1932D2C5EC043D83A82651A424052DC4CE0F12E5EC04D829ACE0C1A4240E32F144DF3315EC060C291D5671D424009EF40D7DD345EC017A0C8EE5D2442402435C4E3A8385EC00DA93F4EDA264240E4A93FA9533A5EC017C3CD9047264240BBB03DCC413B5EC05C9A119411244240D642C1738C3D5EC03FED0975052542405922C453973D5EC066051256DB2342403499D819723F5EC0EC3D2A381B224240420D3A7C2D405EC058FEBE7782234240AB1A29002B415EC0B5A4E5389E234240CA7B070546425EC03DA55A76CE2A4240B19E62EEFD4B5EC08B534A5B1E3A4240B13A0F7A784E5EC00EB93A7C2940424073E83E4AF6525EC01E4807B9C54042409930376BF2525EC066B8C7F31544424008D08CD17C545EC0CD678A4A34494240EF79175232545EC085045283654E42400FDC9AD785555EC082124D3D5E524240322889DB97565EC0DF65D01ACD5342402A984AA28B585EC084F9C839F3534240C05FAB88435A5EC0870720F725564240103303AECE5B5EC01C2BAD9626564240B6739294915D5EC0869090D4845842400CBA7317175E5EC0D89D8B12365B42402F7E8592AA5C5EC0E2261F928C5B4240135829D2775C5EC077052ED1515C424088A6C375525D5EC054E153298B61424068F17BFEE85F5EC0397DA089EE614240E1485EA514645EC07ECDCD925B6842400611674D05685EC00750429F7E6F42406D77286D1E685EC0A1894DB7AE7242401AEA030B58675EC0E5680A74D8734240151815E510655EC0F33F5475EA7242400C18C9C367645EC0D23D04B8CD714240DAEC82A027635EC06DB755F7E57142400682BEFC27625EC0239429AC75754240E6004555E15F5EC08D4BD1A13E7842407D20DC114C5F5EC01241E6142E7C4240CEF8840D0B5E5EC08BD03A706F7D42402D250D66BA5B5EC0171BA9ADC77D42407DCEBCA0AE595EC029AA8616BC7A4240036A415A294D5EC08CEEA4AE4A7A42407E9C9BFCF74D5EC07CC7195881774240754BDD5BB24D5EC05A96B73CB9754240163B5432C44A5EC0B8431E1CC773424094D818E858485EC05CBEDCC49C6D42400A9B85662C485EC07991E8E94C6B4240B84F96734C3B5EC0845C6FBCB7604240C2B13E50F4395EC0B91BE1408A5E42408FED4A0534255EC0D221AACFD93D424053243EFB3A255EC0991EC14BF82A42407C9D716DEA295EC0EB14D4851228424008F13790A42A5EC090D69CAC6626424052B3CDAE772A5EC03C33C170AE234240,893,San Benito,509,509,779,779,788,762,749,756,852,915,850,893,1876,1628,1628,1911,1911,2206,2206,2107,2107,2514,069,06069,San Benito,06,California
0106000020E610000001000000010300000001000000460000003DB1F3DB3C295EC071B7985D7F7C414004C7E91479275EC0A9ACE096938941407B587FB6DB285EC087EEC472EC914140D837073A20375EC05E68AED3C89A4140F6F7E7DC8C385EC0F1B3363234A14140757E405666365EC0E59C9627A9AE4140E049C97A03385EC0BB483E02C1B64140D84E8C137C3F5EC096DC723F71BA41402E1B423A61495EC00B6AF0A58DD04140AAEA0EF74B515EC0987662BDEED441401C9669A80F555EC031648E4888E641400FB5D042C00C5EC055B5304D89E5414061EF51C1190C5EC03593350BB0E54140B6C913CE8F0B5EC05D65F18B60CF4140A8ABB7DDF6045EC01B2B52DD33CF41409C9F4563AB045EC0FBE218EA2CC44140E65DF580B9035EC09CBE22E8FDC341407F6075819E035EC0E91E23EA4FC241408FB1EADE90025EC0B304BE4722C24140E04A555E5B025EC00E3A95CAE3BE4140A8770A1C7D015EC010276A48E0BE41408BDFD23958015EC0C0A35BE914BD4140A1459D565D005EC0AE525127E6BC4140C56B87544B005EC0869F8BC828BB414072D8E0F16BFF5DC0B240A2A6E9BA4140B1734F2E38FF5DC0113CF868F5B74140B73B10FE6AF85DC06A61FD3C99B7414039FD6EF4D0F75DC0EA032C66C2AC4140761A278DEAF35DC03F304F00A8AC4140E34426A6ACF35DC06CDD7A0B73A141408FC97FD4A8EA5DC05A96752067A141407401D479B9EA5DC05EE73277A5964140FF61A648D9E35DC0991C4ECBD596414054E5F70DFEE35DC0F2ADD53F048C41408F2FCA0175DF5DC07D6B71D7DC8B41403C4516823FDF5DC0F79032DA118A4140B0F6036074DE5DC080B142BAED894140AA6DDCC528DE5DC0BEBD6BD01773414068C0496805DF5DC0DFBB93701D734140A885BB481BDF5DC0D030AD34C671414021981F8F4BE15DC0DBCC1938BD714140CDBCA81F8CE75DC05CDADBF39D78414053701D8891EA5DC056775535FB7A4140F7E0BDBCA3F25DC06E004FBD627E41400983F8E19CF75DC0AC5791D101854140A42E4246BAF95DC0A85D23B4AB844140332B04076EFB5DC021C5A5CF33874140D7414E2D55FF5DC00E4CB0302B884140DCAB45FAA3035EC05D2868AC608B41405605B4BE52055EC0C4087EA78B8E4140EDD5E85148095EC051AC8D90058B41401330D359DA0A5EC0B463B874AB8841403629DC5D6D0B5EC00426687A26854140D346D8640B0D5EC0EC6F225D60834140089F392D300F5EC05EE3C83DBC824140B301E0F190105EC0AFA7467D4C834140CC0CFA5614125EC037C457BFC28141406F8BC77FE0145EC025ACAEBF7C8141400277A8BFC1145EC0AD6364E2397F4140EEBEF8DCE8135EC081107F03497E41402A44347867125EC0932319496D79414094CAA9D74C125EC01275170F8C744140570DDB790F135EC06D228ED02A734140FFEFA1A775175EC0B762A0E7A67A41400359B2D7791C5EC079FEBCC2E57E41406D06D1BD7B1E5EC026FF51A3A97E41405312A7CD17245EC0FC1E2F83B57B4140A1A61275D1265EC07F5E02017C7B4140805736395D285EC0B3DEB941FE7941403DB1F3DB3C295EC071B7985D7F7C4140,569,San Luis Obispo,187,281,242,242,228,228,235,244,392,245,303,2221,2117,3587,3587,1901,1901,2122,2122,1123,1123,822,079,06079,San Luis Obispo,06,California
0106000020E61000000100000001030000000100000018000000C3C36AE293605DC066B8C7F315C140408132F8C19A605DC04A48DE1886BE404005481BE4C1615DC03EDD6900A9BB4040ADCA95AC10655DC057F95404EEBA4040B21125AD3A665DC041AEBB1680B24040D8F05775D4865DC0DB526232B0DF4040341B3B13A0855DC01301776E94E1404009695396DD855DC052410B2AA6E5404030D550932E845DC05B1E94C5B7E74040B87C1CB4B4825DC0D96AE6FB6FEE4040FED73531CF805DC03447DAB6BDF04040A4B5794E807F5DC08268F7F50DF14040DBEC7A2F5F7F5DC06831E333FAF24040F7DD5B2E2E7E5DC00F0FFED1F9F4404026142A51197E5DC0B55E5F2DEFF840402E038C3620725DC0579DCD91B2F94040435166A45A6B5DC08A266961C3F040404E2F8C4F5C645DC092B6E9B6E1E140402F7AFA4A18625DC0E5565238CCE04040A0CEAA0901625DC032003363FADA404097C39382935E5DC0C1323EE57BDA4040A038DB37525A5DC0EDB36F9376D4404010DE4703B2605DC02EC9E0ACB1C44040C3C36AE293605DC066B8C7F315C14040,1071,Orange,2578,2578,2609,2609,2667,2738,2573,2155,2251,2118,2208,1071,2424,5724,5724,4272,4272,1678,1678,2201,2201,2584,059,06059,Orange,06,California
0106000020E61000000100000001030000000100000026000000F042E7F359E25EC03585A5ECBAFF4340872251267D005FC00C280E7FD1FF4340054666470D065FC02C2CD92DD90C444005ED827F19165FC031CA3BA04F2044406D3A23C682155FC0100CBD51ED2944408DB496FA20195FC0263BD3D7B5374440DC77772A01075FC0676B3304367D4440EFF9E5BC94095FC0A84213937D904440667A912295045FC0073C93AA2BA844403EB6E187B5035FC0C91FCA1FA5BA4440C551A0ECF9F05EC0C92C31853DBB4440937FDA66F2F05EC09A15BCAE00B04440D93A1F3B7BE95EC0BE9AC958E9AF4440E7FA5F2A4DDF5EC0D1E95829ADAF44408DCF09460ADE5EC0C368B16F02AD4440F32F72E4FBDD5EC0FA7486F33AA9444039556B1F7ADC5EC074B515FB4BA64440F5F89C3FD6DC5EC0F969DC9BDFA344402B88A2BCE6DB5EC094BE318047A2444033A7683827DC5EC0BC35B8C6CA9B4440716D6E6DDDD95EC008E04D544296444024E9812C97DA5EC0EE6C3C964693444030F5F3A6E2DA5EC03EB40BDDD78C4440377A8888D3DC5EC057463C3CF8894440FFD5BA3FA4DA5EC00D116026C485444079F197799FD95EC0743BE22D638144401B99CB3605DC5EC0C51D6FF2DB7A44407E1632F41BDC5EC0E59976B585784440B672C494E7DE5EC09DB8C1F5CD7444405E68CFE1F1E25EC0C472742AD377444068324E0969E65EC00B587A86D37644407095AB489AE65EC03EDEB3C7EE754440E20A627F9DE55EC08AD021D3CE6F44407491C6911CE35EC0D7CA5BE0B8694440F210DFECC3E25EC04959D0C570664440AF2BE24B53E35EC0534ABEC83A644440A65CC8C00DE25EC0411DC153E95C4440F042E7F359E25EC03585A5ECBAFF4340,585,Humboldt,322,322,355,355,407,392,180,248,244,198,325,585,907,1000,1000,454,454,684,684,936,936,434,023,06023,Humboldt,06,California
0106000020E6100000010000000103000000010000006100000058D94655B6BB5EC00FBD418B57FD434009E44CF227E25EC054A0601022FD4340F042E7F359E25EC03585A5ECBAFF4340A65CC8C00DE25EC0411DC153E95C4440AF2BE24B53E35EC0534ABEC83A644440F210DFECC3E25EC04959D0C5706644407491C6911CE35EC0D7CA5BE0B8694440E20A627F9DE55EC08AD021D3CE6F44407095AB489AE65EC03EDEB3C7EE75444068324E0969E65EC00B587A86D37644405E68CFE1F1E25EC0C472742AD3774440B672C494E7DE5EC09DB8C1F5CD7444407E1632F41BDC5EC0E59976B5857844401B99CB3605DC5EC0C51D6FF2DB7A444079F197799FD95EC0743BE22D63814440FFD5BA3FA4DA5EC00D116026C4854440377A8888D3DC5EC057463C3CF889444030F5F3A6E2DA5EC03EB40BDDD78C444024E9812C97DA5EC0EE6C3C9646934440716D6E6DDDD95EC008E04D5442964440CFC5D785BCD75EC02256DA3D54934440D005BB8229D65EC0F91F4F81029444408087BBDDBFD45EC03D3403C72B92444042A411F9CFD25EC0362B70ECB89144403400C8C736CE5EC0BF1458DF448944409E062DA067CB5EC0D7082F877E8844404A7D9BF67BC75EC0ECA47C101B89444007DCEB8BE1C35EC0E7DB48FA3086444032ABDAE258C15EC00B8D5001EA7F4440BB7207FB00BE5EC02743C0E7288144404FF44C71CDBA5EC06A50340F607E44408AF8352FDAB95EC097C3B490FC7E44408A7A3D6F55B95EC0D5CE72D1778244409BCCD3149CBA5EC0D2755DCFC2874440D277F15D8EBD5EC0AB39C468EB8A444021F4BF9EE7BC5EC068A452AACC9044409E7B72C117BD5EC034E18F89319644407003805BDEBA5EC0BB5794AF57964440263FFBF40CB85EC068C85FF7299944407C25D22ECDB55EC0832636DDBA984440F1227E8B6FB45EC0341B5C21C999444048343F0684B25EC018588D46BA994440133F6B2303B15EC0005CE22B2E9D44403E26107E7BAE5EC05F9A01B2809F4440892506FD5CAD5EC0BABA63B1CDA244409A3D333587A95EC050A77ED6E3A4444046413215C9A85EC06CB90A94DAA8444090C80C8E71A55EC092E015DA9CA94440AB1D8B8EA0A45EC09E7D8217BFAE44403C75590AD0A25EC0A18B7E1B7FAE4440122DDC66E8A15EC0A4C55BDF6EAB444011312D0371A05EC05BF7A82209AB4440BB1578DD919E5EC0DA9DFF6849A844403731A85FF79F5EC0F0F87AE7E5A544408E62145F08A15EC09A087EC8199B4440F12BF77EFAA05EC0978F6288B599444075D9D8BA4E9F5EC04754EA8A00974440AB62C7D2499C5EC0C9160F10C892444071161F34F59C5EC0141D6E2CCD8B4440A455CABE6DA15EC09E1549A234894440F5C8D57EE1A15EC0C8DF283FCA8044409F89974489A65EC0021C52772B794440742523E3E8A65EC0B83B6BB7DD714440B65AD4E59CA95EC0ABAD9EB46C6944400BE402650DAA5EC0D5B97915DF6244407102D369DDAC5EC03BA693113C60444048797B4AADAD5EC02F3907322F5E444055ED47482CAD5EC06BF02155525B444087C34E88ABAD5EC0B3F0F5B52E594440734319CB70AF5EC0028CFC34CD5744403156404665AE5EC087F8A83B2651444075B6785FF2AB5EC096B2EB62434B444093FBE3DE38AC5EC0F5D6E164724844408A5BE422A7AE5EC039FF02831C484440F6F9FFA3FCAF5EC04BDBC7239B454440D4E49446EDB15EC01F3AF361AC444440DFBCFE458CB25EC0F9FF4843D3414440A4969CC96DB55EC02A21920039404440E8C5E46829B65EC0850FA1214E3D4440EDBA33EACCB75EC087EC7200B33B44403338840927B95EC00E1F09E2D9374440805988AB56BA5EC0D215AE3F70384440F45C74ECBFBC5EC059C0E35FF43444401C167A2F84BF5EC061DC4FBE873344407F15BFAD24C05EC0DDCEDF000A30444038ABB2AD2EC35EC060A120C2092B4440114E6E886FC35EC0814DAD2956234440A0F2D86487C15EC00AB22B4E312144405866BE4183BF5EC0F2EA3D111B204440124BCADD27BE5EC0A6357AF3231E4440DE388CF6B6BD5EC0C9C6E65731184440053FA2F076BE5EC02A84BCBB21124440AC197C0EEABD5EC01D8C9E7CF6104440A02F624487BD5EC01FBD9F22A00844405CCCAEFFA3BC5EC00EC4EC44CD0544407B15191DD0BC5EC047BA55C67503444058D94655B6BB5EC00FBD418B57FD4340,193,Trinity,54,0,74,74,183,164,272,143,56,35,43,101,930,123,123,139,139,424,424,80,80,133,105,06105,Trinity,06,California
0106000020E61000000100000001030000000100000081000000EB28DE3358675EC0F8CFAA0110A7434029837A6564795EC0E232B8F7BAA64340A675E12875785EC0C1C8AA8C6FB14340A18F852AAD775EC0B8727A078DB643407803D4ED8F775EC043BC9E7D9FBF43406C759C4F5B755EC0CAF4CFFC7FC44340E4256A2F437C5EC00CC7353622C44340F53EE12EF37D5EC0703470D52FC343408F0197CF4B7F5EC06DC83F3388C4434079A7E950997F5EC0BC378E71A8C64340FC5FA6D4427E5EC0C310186F54CD434007069476B87E5EC0DF90C2CCA9D04340943587F79E7D5EC040095CEC30D343400D5830F9B87E5EC000A7FB2923D543406D3EE8B85E7C5EC0DEC965ABE4D643404479D5B9987B5EC0E49C7D8A08DA4340822704DDE47C5EC0A91FABC658DE43405F14357FE97E5EC046DB29040FDF4340096E414256805EC04915628171E1434009D2B5C444805EC030490260FEE44340E20AC5A998825EC0BDA34ABDBCE543401C7FFD6B54835EC0299CB4DBF4E64340FE224F2F84835EC006B2C7D92EEB43404F04501025835EC02001ED58B6ED434022ADADAF20825EC089BA6AF95CEF434006BCCCB091825EC09B3AB098E8EF4340492C6B9331845EC00CFA3D7723EF434002F498D412845EC0124DC1962EF143400975ECFB0B715EC01A012E2BC1F04340C0B996FB2A705EC02423CA8B0AF24340B900133C2E6F5EC0586BEE090EF74340CF0159BA086D5EC060AB46A715FD4340122D3F91E3685EC075B54FA655FD434075FBD5B1C4685EC06A7D57258DFF4340C1F108B000685EC01AC80E85AAFF4340FED80331F9675EC0508D3444570244403FE3E38F79675EC06FB9D9A360024440D703DEB08A675EC02E4F6BC37604444024A1A9AE6E665EC00FCCFA62A90444406ED6E8EE1D665EC08DF71DA2D5064440D97C3B0D41655EC04FF1136289074440C2C2E66F84655EC0DEB3A6602A0C4440723D4482ED5E5EC0F3DD7381470D44405AE3BF82EC5E5EC00FAB6841620E4440ADBDB27F9C5D5EC06DFE80834D0E4440CC191FA09A5D5EC004F490634A0F44404ABDE11DA45C5EC0DFE32B054D0F4440302C7FBEAD5C5EC045F594A484104440654A35FD235C5EC0646A9E658E1044401292BBBE455C5EC06E554C849113444001E5087C325B5EC09E9640C6B3134440052DA898D8595EC085A39A489F134440B5ADC156E4595EC07E34206B5B0C4440AC105ED4D1585EC0E2721F2D8C0C44409D583374E4585EC0586C7AED250B4440D6061F3197575EC09BB37890220A4440224784907D575EC087D141D11B08444044C9FD712F585EC0076024302D08444010F251B137585EC04FCA07B171054440B016A77368595EC0D762E04E5C0544405D5706B4F8595EC0F32C948E6A024440BC4B35F5B25A5EC0D2A94CAD4E02444001D0D514D05A5EC0DAFBD84DBEFF434054C9BE33335A5EC0380B412FD8FF43405DBAEE524F5A5EC07F6209102AFD43404360BC51B1595EC00C6A2A5117FD4340B01ACF90BF595EC03E767A52E4F943403E85AFF1515A5EC0BD191451BCF943406F93DD0EC5595EC0DD59603450F443401CB2C390C35A5EC0F4D89E722FF44340902D4F10CA5A5EC04803F4D27FF243409CCEA14EF1595EC0CCFEAB5471F24340F826D92CCF595EC071246D3618EE434061F8A9A6FB565EC0910276FB4DED4340143B5CA34C565EC033DCA1DD78E84340D3B1F7A02F555EC0A4C55BDF6EE8434089F83DA022555EC07AD3C29FC0E6434031FBE9FD0E545EC04B0FB701A7E643408B4A6E3D18545EC00D60A14150E54340A4FA315AC5525EC0041ED623A6E443403A74FE16F2515EC0DE3C930565E14340F4CFC254E9505EC08936114768E14340C7F4A533C7505EC0065981E77FDF4340FD1D8291B44F5EC0E0B8ADA983DF4340F8EC4EB1894F5EC03049658AB9DD4340DFB46CEF8B4E5EC02AB07C6DE8DD4340427E4F0F7E4E5EC0F915088E0DDC4340A249202D274D5EC0785CF9D115DC4340CCD0DB4C034D5EC075F086139CD84340A45EC7EADC4B5EC04A7CCDF691D84340B32BA9EAD04B5EC013E11577F2D6434039CBD188BE4A5EC0352D2DFAF5D643403EBAC788BA4A5EC0E1329F5A1AD54340D70B70070B4A5EC09D8876FC34D5434093128AC67D495EC01DAC629E53D34340E8D79CA475485EC097E50C4165D3434019DB52A44E485EC0CC917CC265CF434061F337C21E475EC0AD4A85255CCF4340B1AA1C6215475EC0018C04A615CE43403670CD3E4B455EC0C91F2D4A60CE4340387D66DE24455EC0956845ABC5CB4340436678FD93445EC0EF45ACAC0ACC434046C8691D8F445EC058BDEC6C02CA43407C757E1FC8455EC0E483E0E9FCC9434036F379FFBE455EC052D96E8A60C74340C8BBFAE343485EC0AD184BE444C743403301D8E332485EC0DB6FED4449C643409E3C3445E3485EC01478E5824CC6434012F860A504495EC0D60BB223DDC2434072EC8FE6BE495EC039E4F261EEC243405C21ACC6D2495EC034B53202A6C1434053D21E8A9D4B5EC0D8220E7E87C1434032A9E329924B5EC0001DC5BDA2C243402380FEEFC64E5EC0848D5F3689C2434012A410D0D64E5EC083D6EC16BBC0434032C797F5C7515EC0C01A9052C3C04340B4514255B1515EC01176A3F2A3C143406836551857535EC0FA8E0A31D1C14340CA319BF811545EC09FAD6275D4BC43400F817E3AB9555EC07E9A6A9867B94340A66DF41882555EC09A01F41C0DB64340CFFCA4B919575EC0FE6F788360AF43404A83B25B11595EC0AF20EE661DAB4340ACA0D424195E5EC0441A4FE3E2A94340F2B24724215E5EC080DCB8A46EA843409AA5AEC6A35F5EC0AFAD4445C1A64340F8FE06ED55635EC0A0A97403C7A64340AED492126B665EC0A4CEF5E0E2A74340EB28DE3358675EC0F8CFAA0110A74340,270,Butte,936,322,303,347,357,357,289,273,286,289,450,542,1179,386,395,540,540,423,423,285,285,745,007,06007,Butte,06,California
0106000020E61000000100000001030000000100000034000000CADDE7F8E85E5EC03FEB75E6F95D4340551386F9D95E5EC09B0598010061434004EB93379B5D5EC0952E9A2117614340E7CC8F229F5D5EC0E483BFDB937643405F185D9C405A5EC0037EE8DDB3764340038EA960395A5EC0D15F01AFC37F434098ED33FC21575EC0DEA878D0AA814340721EA919ED535EC0602008902186434052687294F0515EC0BEE6C9F368844340906FE7A9EB4D5EC0D259E2D8E58143402FE21A23024B5EC0851D8CF9358243404796065D06485EC0D245F938098443400E7C35D58D455EC012171D1C2E814340DF3C0FCD00425EC0FD3727DDB38143404ADC7C86643E5EC0E230035BC68943406BE4E3A8963E5EC00B195D18C88C4340EDB5C105303D5EC025F4C859B78F43406DD4967C24395EC03DCB1C6020964340287ECED5BD365EC0D001936552974340BD2C16544E355EC0598BCBC88B9A43400AD85062FE2A5EC01D26755DD3A7434093246310B3FF5DC04C0292B8E0A743402B6B38B8B6FF5DC0AD0B68B750944340CF077890A6FF5DC0F58126BA958D434073BD2B8AB0FF5DC0C6564C7C20884340C2182EFEB8085EC0AA541E1734884340E711693C4D095EC0AAD7CAD727854340544E419F840A5EC0303F1E9744854340EF219F5F6D0B5EC03260A0D67A834340D2D7FBA6930E5EC0F4BBD9B48C834340AD372869D70F5EC0CC51915470824340C4BC0145F01A5EC0E236BF0669834340B12E13EA8E1D5EC02AF70A248B7B4340EC9BA0F2D4205EC0CA91E75D69774340100C391909245EC0C32D405732754340332DB9A3622A5EC09AB4CAC8B07A43409AF0C7C4982B5EC00C20BE44A37D434000ED6027292D5EC0BD768260027E4340A21B0E09A72E5EC0C9EF447B0280434065400F1858335EC03947BAF29B7F434019366F419B355EC04F3E7FD2377C43408ED308E42F365EC06DCC2534CD79434049A97CB66B3B5EC09755D80CF07943409D819197B53B5EC0B2859CCE00784340BCEE0802BF3E5EC0AA47F9CD6D754340648D61EB65425EC0DAE309AD9C7443404E9E918C45435EC02811C0519B70434030A8250C79435EC005174C78996B4340F2A1D9AFDA455EC0B553319D6F6743408A8164F026475EC079AC3A27CD5F434012E1579304495EC0B6662B2FF95A4340CADDE7F8E85E5EC03FEB75E6F95D4340,137,Placer,450,450,572,572,466,387,385,239,297,522,521,137,1360,482,482,355,355,523,523,499,499,458,061,06061,Placer,06,California
0106000020E610000001000000010300000001000000300000002E55ABA7FD655EC027E208AD625E43407BAC11A89B655EC04AEF9726D7614340FC29E14BD9665EC09918C3830364434093501B51F1695EC043C6278D6661434039EBF8D4966B5EC00E7BEB0D0862434092CBA056A86B5EC045BF324656654340D2D8667C026E5EC0DCEB4905BA6643404F61BE1F6B6E5EC00A96B057546C4340F12BB562686F5EC0E9CD2C32CF6E4340C01A6F441A705EC0DDDEC191386F43407E51274550715EC00FBA6335066E434093FEA026E1725EC0DA50D6146D6E43409383C067B7735EC05D201872B26F4340B3097248D1735EC01036442E9B7143401AD8CF0730725EC051DE64A7E1734340DDA689882C735EC07B8030E8EB7343408733E0A82C735EC0436FB74515754340A3B1D5698D745EC036F0DDC57F754340E88EB40A51755EC0BC369F63D57643403EB69F6B23755EC07708EB18BA7B43408E816DAB36745EC0FC901216707C434057A6EBCB0A745EC0A1BCB0B1227E43409B19E4CB17735EC0D93FB22D417F4340C4002E6D5D745EC0DAA0FECC03814340AEBCC37189755EC042D5E064B8874340B025DC12D6775EC05523AAA65A88434014F362177B795EC0D6D5D3FD528E4340599C7B59A47B5EC09A63373B6B904340C660CD1A9F7A5EC02F16A7D6D2924340F9B4B37D827B5EC072B7774F96964340379C857F097B5EC010C935AA789943404F524764AB7B5EC04411F7FDC09F434029837A6564795EC0E232B8F7BAA64340EB28DE3358675EC0F8CFAA0110A7434078BA2D70BD675EC063E2E2EAF89D4340CEC201A1B3655EC0ACE4215BAF8D434014E1913E4E665EC08A1A8EDFC28843400875B250C2645EC091FB4E7AFC764340078683EF03645EC0E30C30B97277434070A3B72E6B625EC0B03B7A4F277C4340078D47465A5D5EC0D76BBC6C227F4340038EA960395A5EC0D15F01AFC37F43405F185D9C405A5EC0037EE8DDB3764340E7CC8F229F5D5EC0E483BFDB9376434004EB93379B5D5EC0952E9A2117614340551386F9D95E5EC09B05980100614340CADDE7F8E85E5EC03FEB75E6F95D43402E55ABA7FD655EC027E208AD625E4340,111,Sutter,299,483,303,387,355,272,1106,347,205,191,287,63,1362,108,125,294,220,379,379,511,511,473,101,06101,Sutter,06,California
0106000020E61000000100000001030000000100000043000000FB18181E60865EC05FCCF9D6C5404340A4EB788233885EC0D5DED029024C434052B4388426895EC031A072A74F4E4340C95D9DC66A8A5EC0ADFF6B27E74E434077425486168A5EC076D954826A524340512C7D09D18B5EC06759FF004E544340BC87740DAD8D5EC015AF709AD759434049F0C850FC8F5EC0959EA709746443409E3FAF70F9915EC07E25CABD446A4340B09B08D1D0925EC0C0B7237B886B4340B969D89410975EC03386BD79BF6B4340780804B6DA985EC0B38ACC960B6D43400E684C35F1985EC02E2BA0926B6F43407D5D23D5399A5EC09902E32A6073434051AAD8F3D0995EC0324189A69E75434019E44FD03D965EC02709912556764340E88EB40A51755EC0BC369F63D5764340A3B1D5698D745EC036F0DDC57F7543408733E0A82C735EC0436FB74515754340DDA689882C735EC07B8030E8EB7343401AD8CF0730725EC051DE64A7E1734340B3097248D1735EC01036442E9B7143409383C067B7735EC05D201872B26F434093FEA026E1725EC0DA50D6146D6E43407E51274550715EC00FBA6335066E4340C01A6F441A705EC0DDDEC191386F4340F12BB562686F5EC0E9CD2C32CF6E43404F61BE1F6B6E5EC00A96B057546C4340D2D8667C026E5EC0DCEB4905BA66434092CBA056A86B5EC045BF32465665434039EBF8D4966B5EC00E7BEB0D0862434093501B51F1695EC043C6278D66614340FC29E14BD9665EC09918C383036443407BAC11A89B655EC04AEF9726D76143402E55ABA7FD655EC027E208AD625E4340EE4DE349D8675EC0B8150CF8465743400BD019C5F0655EC01254A6FB2D534340C3E82421F2635EC079A67E7B2A5243403B5FC33E07635EC02A553FC2F24C4340964451FB08615EC07B2C0121274D4340EACA67791E605EC0DCC79FE2974B43400F93F459B3605EC0AF09698DC1444340492F28DB99615EC0C425A68F69434340CC77955A54615EC06FF8F611EC4143408713B95CD4625EC003EE16D47940434010AFA9FB99625EC03CA08DD8FE3D4340C54F671761605EC0777AAD9D8B3B4340BDFDDA7631605EC0676902A0653A43403FA07DF66D605EC04B1D05044A384340555E9FF78E615EC0BFFF45860B3743404F649C75BC605EC0AAC37E0D903343406F5FAC1467615EC00887A437582E4340E24C3C3551625EC02CFC327B4D2C4340EC62E476F9635EC04644EF5C312B4340F88C65766D645EC03F88E800D6284340D34EACD75D655EC041819800D3284340692075BFF36B5EC0E9FC881D1529434004B8514B106C5EC07C3B15B2EB424340F8AE39EE716D5EC05BF14730D94443409E65B3765D725EC042FC2E3222434340780ADA60F8765EC0E26EF70F75444340D59A20C9F07A5EC0DD29DB8FAD434340BDA5DE4B487C5EC0AD9F40D0384343406287ADB0CB7E5EC0848184B4883F4340DEC2A1540E815EC0D542A8D66B3E43407BF3E17A50845EC04A7333F51D414340FB18181E60865EC05FCCF9D6C5404340,186,Yolo,228,228,202,202,205,250,276,244,305,339,250,186,1451,289,289,263,263,198,198,193,193,209,113,06113,Yolo,06,California
0106000020E61000000100000001030000000100000037000000B6C934DC78915EC00CC436D2671443401474BD6535945EC0C59F13085C1A43400E1B9FA8B0955EC0ED52974AC71843403A08F83D43925EC00290245264144340A378F06E80995EC046979AB1A6144340C3A453B2F7995EC0749AE4CBB41743403F30700E11985EC0A07AF7091819434072E52649DB955EC0D61CFF893A19434044D0660FD3965EC0F3254CFF2F1F4340CEAD29F303985EC0B464023CF120434017D34CF73A995EC07282FC8D722843402D3A1FBFB39C5EC075931804D62D4340DEAD4DDFC29C5EC04333571F723043405496D7009B9D5EC06F90BD9CE131434009D2F7E0D69D5EC0E3DEDB7820344340470FF062E99E5EC02D7B12D89C3443404B6DD2022E9F5EC07F1F27AFC2394340441BDBC6BAA15EC0910F170C703C434095C29348E8A25EC03E965F82AA4243407536AAF44FA85EC00E0753DED8494340329D29B6BAA85EC0C3D7D7BAD44C43403FFEB19455A75EC0CE7B31CEBE544340AC1AC6D5AFA75EC0D06F2DCD0C564340F47831FF6E9D5EC0D41D1717BF5A43401267EA1AD2995EC040AC0EEB536243401DCBDCF82A995EC0C17EFC63296643403D599CF720985EC03119F982B7664340F9A1F396C2975EC01AAEE50007684340780804B6DA985EC0B38ACC960B6D4340B969D89410975EC03386BD79BF6B4340B09B08D1D0925EC0C0B7237B886B43409E3FAF70F9915EC07E25CABD446A434049F0C850FC8F5EC0959EA70974644340BC87740DAD8D5EC015AF709AD7594340512C7D09D18B5EC06759FF004E54434077425486168A5EC076D954826A524340C95D9DC66A8A5EC0ADFF6B27E74E434052B4388426895EC031A072A74F4E4340A4EB788233885EC0D5DED029024C4340FB18181E60865EC05FCCF9D6C5404340CE20785BED875EC0C449D4EA2F36434056116E32AA845EC0A6E9BB74F62E4340C20F73EE9B835EC0DA3610BB842A43406212910E4D845EC02F3201BFC6284340CDAA741CA48C5EC03AB88D699A2843403296A77BF68C5EC08C86080F05264340EA1E1B79078C5EC0807EBEB1102443402637ABBA5E8D5EC0FBBF3456AC224340F8BF44383D8C5EC0DD10BAB67D214340FC4B7B18D48C5EC07BD976DA1A204340ACEFB215EA8B5EC0671CB83DA01D4340555051F52B8D5EC090EF7B69C4174340F90691D20D8C5EC08099520BE3154340A02ACF51018C5EC05492120E7F144340B6C934DC78915EC00CC436D267144340,146,Napa,219,219,186,186,138,156,177,194,179,199,199,146,1468,128,128,92,92,68,91,114,118,116,055,06055,Napa,06,California
0106000020E6100000010000000103000000010000002F00000090149161D5A15EC022CBBC3449134340D316B6EA23A45EC00CC478EEB9174340A94911959DA85EC0F88D4C13F81643406F2D93E178AD5EC0F8AC84513D1A4340DF1A33E4B3AE5EC0ACA0F532021A4340BEF860214CB95EC0FB496BC22C2843408F6F1029DDBB5EC082C7D88576274340202FDE6ECDBD5EC057AE3B06F92743402D669D54A8BF5EC0C5B0A28A0B2643401A3DF17B1FC35EC0ECCC906CA62543405B236163C7C75EC00C6602348037434041F26B7711D35EC075A098060F464340CA30B45B87E15EC0C107C8FAFA604340D1B1A45805DF5EC06D821C5294634340188ECE963FD75EC0B0BF362C576343407693CE763BD75EC0DF4588C04B674340BAC61D2565C85EC0BC4681F4836743403C674D243FC85EC04C080C48316B4340E786AE5DFDC45EC0C5543C26396B43401051755DF2C45EC0416A6EE0E96C43405EB76BB6F0B35EC06F6846161B6C434028AE9596F2B35EC0CCD35678596B434044724B0E0CB05EC055357B7F87674340C46C7662DEAB5EC0D18A146F895B4340A756A179E7A85EC0B739BE8B31594340AC1AC6D5AFA75EC0D06F2DCD0C5643403FFEB19455A75EC0CE7B31CEBE544340329D29B6BAA85EC0C3D7D7BAD44C43407536AAF44FA85EC00E0753DED849434095C29348E8A25EC03E965F82AA424340441BDBC6BAA15EC0910F170C703C43404B6DD2022E9F5EC07F1F27AFC2394340470FF062E99E5EC02D7B12D89C34434009D2F7E0D69D5EC0E3DEDB78203443405496D7009B9D5EC06F90BD9CE1314340DEAD4DDFC29C5EC04333571F723043402D3A1FBFB39C5EC075931804D62D434017D34CF73A995EC07282FC8D72284340CEAD29F303985EC0B464023CF120434044D0660FD3965EC0F3254CFF2F1F434072E52649DB955EC0D61CFF893A1943403F30700E11985EC0A07AF70918194340C3A453B2F7995EC0749AE4CBB4174340A378F06E80995EC046979AB1A61443406363DA0E789B5EC05006FD3B910E43403F77DDB64A9F5EC0CECCC45B840E434090149161D5A15EC022CBBC3449134340,532,Sonoma,782,782,1025,1123,1175,1117,971,957,1037,1000,988,532,1470,2222,2222,3366,3366,3309,3309,2060,1906,1847,097,06097,Sonoma,06,California
0106000020E610000001000000010300000001000000290000005F6900BDF63E5EC07478602E761C4340F23AB8C108415EC01FF9657950264340EC3FDEA30A415EC0B6DBB39EAC404340E237DB18093C5EC01296047B3742434032552456D73A5EC0BD49225C3F414340D6E7BFF25E395EC095DC6C399E42434008AB99CF0C385EC0CA8434F98642434081B45C2E90375EC06C9BE73611444340A8EB3DA448335EC0D67115B195474340C679740281325EC066EA557296464340189990984C2E5EC00B54C593BD454340E8E6DE2D7B295EC078E72E3B71414340BC2B824459255EC0A3411D7E59404340EC0F18D95A205EC09C68383FFC4043407D9F9E11181D5EC00EA15962424343409842A26D3E1B5EC0AAE719661243434018E6766457175EC0D65B586B6045434064BDB55E9E145EC0DC322FB1F14443403B4863B803125EC0EF8320356B4643406A6E13733B105EC04ACAFB954C4943407EE085AFE40E5EC07F6B67D41F4A4340F8D4646A5B0D5EC0FA65992FFA4D4340B63C739DA9085EC0D0C933C76552434028DDEFF6E7065EC05AA167DF8558434004C889F033045EC0A9F93BFC3C59434070084E5A69045EC0B958CE34064143402CCCDB4526095EC07883D99AED3E4340CC15EC2F4C0D5EC05A2B0E9E3C3F43407AAFDC40F8145EC0B9BB5C7D853B4340D7129C6E4B1B5EC008809EB2943B434015A672D7401F5EC0E00DBB31B03843404ED0B95BEB205EC0FF897436FB354340D8AD9C283F265EC0E159A37D4E3243408873ABA973265EC0EE2BA9A6672E43402ABDD46E59285EC092A67AEF932A4340FBE3D12223305EC08EB5FB3C0F25434051591C48F0325EC09A63401E7B24434013FDE12DE3355EC04EAAD126EE204340AA401A313D385EC04E9DD74F231C4340181C4D54053A5EC098E4936ED61C43405F6900BDF63E5EC07478602E761C4340,321,Amador,79,79,150,67,137,110,136,142,128,151,103,321,1509,222,222,269,269,240,240,302,481,264,005,06005,Amador,06,California
0106000020E610000001000000010300000001000000300000002EFF21FD365E5EC0406735D125BD42400DC7B1FD3D5E5EC0689F5C8D4BBF424095B8AF7F6E5F5EC036964D0C8BC0424022186AC1C95F5EC0AE9066EA7DC242409DA3E9471E625EC0794ADE6B4EC3424016E5886B2B635EC078C731ABDAC44240E144D35D02635EC0CD0D1B9FA8E74240AD0A3FFEF3615EC00F15FC99EEEA4240947D808370645EC0F4252BF146EF4240F47BEE4657635EC098FA9A617AF8424054E7ACAAB2645EC03E6BE997A9FD4240E9E8C08B61645EC0C74064B2B400434040F18C4B8F635EC002C754B0FC0143403E26318CE4635EC02E166D2B49044340B780AF6C8F645EC08704A5CB0F0443403929AB6D73645EC0343B2043260843405D3F92CC09635EC01316CBE31F08434074AF594FA9645EC0D40207F6900E43407FC9002F77635EC0BAF64710951143407F96F8EDB5615EC02945C8CCC713434064462EEEF5605EC08CE8E802A81843408F7D5E2BC05D5EC0158A3A949D2043406AF68247025B5EC0E9A064D59420434021EEE2E49B595EC04E20915BB81D4340D2C863DD6A545EC01C43217E551D4340F6A1037913515EC0DF8B2FDAE31F4340B3987552A14C5EC0B2E54B5E531F434067D8E6CE254A5EC0629C855E7B204340F9220CC9EA455EC007FDB758F2244340EDCABAC108415EC036246A7950264340FC7B00BDF63E5EC05E865A2E761C4340B65FC291D53A5EC06B4008F1160A4340151A0C9ED73A5EC000014AC7C5DE4240195CCE00B23C5EC0A7968CE75CDE4240052815A6123F5EC0E2A5C443D2E0424040747B2895415EC06A70950682DE42407234E42B83435EC0EF6F75A58ADF4240DF77252C1E445EC07B90338783DE424005F3FC0E2A465EC0AB47548760DE424029168DEF2A475EC076AF8B89EADC424046EE65B2AA495EC0F91930ABA4DB424053C819B3FA4A5EC09F6BA9CD49D94240B2F378520D4B5EC0C15732CFE3D74240828E56B5E44C5EC01736B9CE75D842404926D0F5774D5EC0D1796C4FB9D742402AB339B5D04D5EC06CC073317ED542407ADDC776234F5EC0DA68E7D1E0D442402EFF21FD365E5EC0406735D125BD4240,303,San Joaquin,2176,2051,2840,2840,2293,1322,1278,1325,1173,1245,975,303,1586,165,165,247,247,263,263,535,535,567,077,06077,San Joaquin,06,California
0106000020E61000000200000001030000000100000025000000B6C934DC78915EC00CC436D267144340A02ACF51018C5EC05492120E7F144340F90691D20D8C5EC08099520BE3154340555051F52B8D5EC090EF7B69C4174340ACEFB215EA8B5EC0671CB83DA01D4340FC4B7B18D48C5EC07BD976DA1A204340F8BF44383D8C5EC0DD10BAB67D2143402637ABBA5E8D5EC0FBBF3456AC224340EA1E1B79078C5EC0807EBEB1102443403296A77BF68C5EC08C86080F05264340CDAA741CA48C5EC03AB88D699A2843406212910E4D845EC02F3201BFC6284340C20F73EE9B835EC0DA3610BB842A434056116E32AA845EC0A6E9BB74F62E4340CE20785BED875EC0C449D4EA2F364340FB18181E60865EC05FCCF9D6C54043407BF3E17A50845EC04A7333F51D414340DEC2A1540E815EC0D542A8D66B3E43406287ADB0CB7E5EC0848184B4883F4340BDA5DE4B487C5EC0AD9F40D038434340D59A20C9F07A5EC0DD29DB8FAD434340780ADA60F8765EC0E26EF70F754443409E65B3765D725EC042FC2E3222434340F8AE39EE716D5EC05BF14730D944434004B8514B106C5EC07C3B15B2EB424340692075BFF36B5EC0E9FC881D15294340D34EACD75D655EC041819800D3284340D3DA34B617665EC058DDF2AA31234340C70A025486655EC00445E2D43D1E4340F01493B347665EC0826D27BE98194340B4420DB643695EC01E0714A0DC1743409DBCA7F6926A5EC0A8A5DA23AB154340F193D53A12725EC05F6E831C8C084340F995B5EAC6795EC004E2B7195509434004B463D9027F5EC07E439726DB114340BCA4DE11DD8E5EC070BA7E2419094340B6C934DC78915EC00CC436D267144340010300000001000000040000003A08F83D43925EC00290245264144340B2EA5A1875915EC0DF01D85F7A0C4340A378F06E80995EC046979AB1A61443403A08F83D43925EC00290245264144340,1499,Solano,457,457,403,403,334,387,440,406,287,323,315,1499,1629,426,426,235,235,889,889,795,795,917,095,06095,Solano,06,California
0106000020E610000001000000010300000001000000200000007441CBF5AE935EC0D1691E4F25F242409459599BC6975EC0BA51FB6B65F442402C137EBD4C985EC0493041DC99FC42403697DBD5E9925EC0FE837FD1E4014340CE8503360A805EC01DDE19BD5007434087744AB2BB6C5EC09FE20CEA010343406BF8D792186A5EC0D187345A050B43401A4507AFEB645EC00BCCF2BA0C0C4340433FA96D73645EC05400244326084340324AB46C8F645EC0A67E9BCB0F044340DDE3358CE4635EC002B86D2B49044340D1618C4B8F635EC0847F55B0FC0143407CBDBF8B61645EC0F0E35AB2B40043409ED1AEAAB2645EC038B9EB97A9FD42406092F14657635EC0984F9F617AF8424060DE838370645EC0F2AB2DF146EF424030FA43FEF3615EC09890F699EEEA4240109AD85D02635EC06A671E9FA8E74240D015B55E6F635EC0F8E4057E26E84240AC04861F71645EC08DB476BFE9E64240EA148B0AFF7D5EC0BF42F05063DB4240C9A81CCB7A7E5EC0B89D346B8EDD4240E629042E09805EC063793A4676DF42402FC0CFEDC27F5EC0FAD3A7C063E24240DEBAFD7367825EC0BB6E48DC7BE54240A402A37DBF865EC03AAB21DEE0E542406CB5E5C383895EC044C189DB24E8424005D351A6AB8A5EC042FA3BBC1AE8424018CC4AA90D8C5EC067A6411567EC4240E48EFF10E58F5EC0F8BAA12C86F24240B0443AF2C6905EC02876C54B25F342407441CBF5AE935EC0D1691E4F25F24240,3159,Contra Costa,903,903,887,887,925,896,671,680,704,620,696,3159,1644,1872,1872,1490,1490,1329,1329,1327,1110,911,013,06013,Contra Costa,06,California
0106000020E6100000010000000103000000010000002E0000002EFF21FD365E5EC0406735D125BD42407ADDC776234F5EC0DA68E7D1E0D442402AB339B5D04D5EC06CC073317ED542404926D0F5774D5EC0D1796C4FB9D74240828E56B5E44C5EC01736B9CE75D84240B2F378520D4B5EC0C15732CFE3D7424053C819B3FA4A5EC09F6BA9CD49D9424046EE65B2AA495EC0F91930ABA4DB424029168DEF2A475EC076AF8B89EADC424005F3FC0E2A465EC0AB47548760DE4240DF77252C1E445EC07B90338783DE42407234E42B83435EC0EF6F75A58ADF424040747B2895415EC06A70950682DE4240052815A6123F5EC0E2A5C443D2E04240195CCE00B23C5EC0A7968CE75CDE4240151A0C9ED73A5EC000014AC7C5DE4240B65FC291D53A5EC06B4008F1160A4340B48707DE1A295EC0EF7D1E61A0E94240EA7F14D0DF185EC08499D78D4ED1424023FBDEAEB0185EC0A4D7B0F0BFCF42407753E308463E5EC0702C41A96AB24240A43C90489D3E5EC0AAB3BD8A4AB14240358C50A6F03D5EC099BFBEADA6AF424020CE4742703D5EC0331B2276BFAA42407FED47279E4D5EC0D28C03B7079142405F44DB3135515EC09E1DBAEA4B9642408AECBDD7D4535EC06E4A6010E49442409367667F83565EC027E8612ECA9642401F0E12A2BC575EC0E129601299954240A701C5C0A1575EC05829D2374893424098E32E253F595EC0945D593718944240F012BD08EA595EC0EB26C66C289942407E34206B9B5A5EC07279A4A8509B42404F1EBBB09A5C5EC095D83185B99D424060558351C55C5EC097908B41929F4240B6A6B372735C5EC066FD0338FFA44240C26E33701B5B5EC0B9C23F95E8A54240461CFC0E0F5A5EC00833757013A842408ED59C72FB5A5EC0CCA77D29F2AC4240AF94C8B25E5A5EC02CAF22C411B0424080247014EE5A5EC00A6D73426CB1424082618E582A5D5EC07E786DA1F1B242405822699AE45D5EC0CFDEF85EECB44240555CEA5A5A5D5EC0036B28F733B94240A6D7C11C585E5EC0172E699447BB42402EFF21FD365E5EC0406735D125BD4240,959,Stanislaus,634,634,801,801,643,679,556,713,725,704,840,959,1648,999,999,791,791,645,443,683,730,821,099,06099,Stanislaus,06,California
0106000020E6100000010000000103000000010000001C0000002EFF21FD365E5EC0406735D125BD42408EA2F75BF5765EC049E647B2FDBC4240CA1C4783867A5EC01257E77BBABA42409C8157EC6B7E5EC0A4CD27E1F8BA4240125D8219F4855EC0391457F8A7BF42404056E86AC88C5EC0B1BE26101BDE42409E71A795FE935EC0824D84AAA4E34240714ACCF5AE935EC094EE194F25F242406E9537F2C6905EC040F0BE4B25F34240C6D0FB10E58F5EC00358AA2C86F242405E684BA90D8C5EC090F5371567EC424058C156A6AB8A5EC08DE843BC1AE84240CB9BE4C383895EC0769B81DB24E84240A71AA47DBF865EC057BC26DEE0E542404286027467825EC0086444DC7BE542406DD3D0EDC27F5EC03232AFC063E242407BCE062E09805EC070DA424676DF4240F49517CB7A7E5EC0C93A3D6B8EDD4240E3A08C0AFF7D5EC0C1B6F25063DB4240B7AF871F71645EC0E8CD76BFE9E64240E592B25E6F635EC00491037E26E84240E144D35D02635EC0CD0D1B9FA8E7424016E5886B2B635EC078C731ABDAC442409DA3E9471E625EC0794ADE6B4EC3424022186AC1C95F5EC0AE9066EA7DC2424095B8AF7F6E5F5EC036964D0C8BC042400DC7B1FD3D5E5EC0689F5C8D4BBF42402EFF21FD365E5EC0406735D125BD4240,2496,Alameda,2342,2342,2378,2378,1966,2045,1927,1935,1643,1748,1766,2496,1696,1963,1963,2212,2212,2337,2337,2397,2397,3863,001,06001,Alameda,06,California
0106000020E61000000100000001030000000100000015000000C0AC16F971975EC0533CB2E2E9D94240453AB0DA04975EC09A4A587E0DCE42408DCE1A38B7855EC07B5714E1ECB942405AC37F99B3865EC024BA254151B942403B5A0F3E98895EC05EE3C83D3CBA42407C2DA6A1DF8B5EC041E0588252B64240A71B3061578B5EC036E22C9921A8424071FE893E1D8A5EC0E8F58A1BF5A6424061D1423C31895EC0BA82AFE0E5A34240301C7C1F96895EC070B9134FEA9A424030E5AEEB788E5EC03288F64ED89A4240870D3FCD838E5EC0CA4012B4D19742402E2F2BDA3D935EC0BDEB6457779742401643C57ADB925EC0E85DE59EE892424049F8399993915EC073AD6A07AB8D4240C35B316D899A5EC01CCEA1B19B9E4240948A0086E9985EC0E0EB94DC1BAD424091B287EE409C5EC0704D91AE5FBD4240D6CADF185DA05EC09EE2A38BEEC24240F4A302A3E29F5EC0E93125EDA1D94240C0AC16F971975EC0533CB2E2E9D94240,1094,San Mateo,704,704,764,621,764,683,696,725,708,586,616,1094,1736,803,803,1162,1162,1299,1299,775,775,637,081,06081,San Mateo,06,California
0106000020E61000000100000001030000000100000028000000036A415A294D5EC08CEEA4AE4A7A424067C8043EB74E5EC0B21B2A845D7E424008505B3C1F4E5EC0F19ABA9F917F42404A1CA29F634E5EC0EC9AB955CA8342407AE084BE4B4D5EC00F8B83119C854240F6DD639FB64C5EC00B5B79EA8D884240E536AF24584E5EC068AA2F64588B4240DB816364834D5EC0062BB1DF518D4240EF46D565274D5EC0C0C0FF984E9042407FED47279E4D5EC0D28C03B70791424020CE4742703D5EC0331B2276BFAA4240358C50A6F03D5EC099BFBEADA6AF4240A43C90489D3E5EC0AAB3BD8A4AB142407753E308463E5EC0702C41A96AB2424023FBDEAEB0185EC0A4D7B0F0BFCF4240283373BBB6135EC0FBC05D0F89BF42409662818EDA105EC0C9946AFAC7B842403059260D3F115EC06326723D61B6424051CEA3241C105EC029089AA63AB042403EA5F74B930B5EC033247A5B61A54240008BA1416F0A5EC05AFAA786C39E4240C1CE241C40095EC0FDEFB189069D42400473D3EA54045EC0B155BC706B9B424052465C001A025EC0625109364B974240AE0BA2625A035EC0510B0CF632954240C91D78AD2B075EC003505AF2D7934240DD33017579095EC0CBE238CF5C944240E810FE669E0F5EC0A9ED2E69EF924240D6EE4F90F5145EC08D4CD94CB28E424074E59A9FAE1C5EC08275FB306B8B4240374237E2661D5EC064EA6CD0308C424094380223B5215EC038DA0E9934854240C2B13E50F4395EC0B91BE1408A5E4240B84F96734C3B5EC0845C6FBCB76042400A9B85662C485EC07991E8E94C6B424094D818E858485EC05CBEDCC49C6D4240163B5432C44A5EC0B8431E1CC7734240754BDD5BB24D5EC05A96B73CB97542407E9C9BFCF74D5EC07CC7195881774240036A415A294D5EC08CEEA4AE4A7A4240,2320,Merced,221,135,148,148,187,164,117,159,155,160,156,2420,1752,224,224,299,338,255,609,743,356,298,047,06047,Merced,06,California
0106000020E6100000010000000103000000010000003D000000036A415A294D5EC08CEEA4AE4A7A42407DCEBCA0AE595EC029AA8616BC7A42402D250D66BA5B5EC0171BA9ADC77D4240CEF8840D0B5E5EC08BD03A706F7D42407D20DC114C5F5EC01241E6142E7C4240E6004555E15F5EC08D4BD1A13E7842400682BEFC27625EC0239429AC75754240DAEC82A027635EC06DB755F7E57142400C18C9C367645EC0D23D04B8CD714240D941C283A8645EC0655D16F20C7442400CDD57AB97675EC094192D0FEB7542409A3580D09D695EC0EBBEAD05877A4240D9FEBE14186B5EC0B6FD86E4BF7B4240DFBE50B8456C5EC0B805C73C5D804240C0DC5981826F5EC0140B5B37CE85424024468D11A2755EC0DED7F5C9598C4240B16D0F4AB17F5EC0E3D45ADA219442409FF0C80E20835EC0D4EC058F849B4240AD8CE31334855EC03C0E494EA29B4240B070B3F438865EC0DE610B28719F424061D1423C31895EC0BA82AFE0E5A3424071FE893E1D8A5EC0E8F58A1BF5A64240A71B3061578B5EC036E22C9921A842407C2DA6A1DF8B5EC041E0588252B642403B5A0F3E98895EC05EE3C83D3CBA42405AC37F99B3865EC024BA254151B942408DCE1A38B7855EC07B5714E1ECB942409C8157EC6B7E5EC0A4CD27E1F8BA4240CA1C4783867A5EC01257E77BBABA42408EA2F75BF5765EC049E647B2FDBC42402EFF21FD365E5EC0406735D125BD4240A6D7C11C585E5EC0172E699447BB4240555CEA5A5A5D5EC0036B28F733B942405822699AE45D5EC0CFDEF85EECB4424082618E582A5D5EC07E786DA1F1B2424080247014EE5A5EC00A6D73426CB14240AF94C8B25E5A5EC02CAF22C411B042408ED59C72FB5A5EC0CCA77D29F2AC4240461CFC0E0F5A5EC00833757013A84240C26E33701B5B5EC0B9C23F95E8A54240B6A6B372735C5EC066FD0338FFA4424060558351C55C5EC097908B41929F42404F1EBBB09A5C5EC095D83185B99D42407E34206B9B5A5EC07279A4A8509B4240F012BD08EA595EC0EB26C66C2899424098E32E253F595EC0945D593718944240A701C5C0A1575EC05829D237489342401F0E12A2BC575EC0E1296012999542409367667F83565EC027E8612ECA9642408AECBDD7D4535EC06E4A6010E49442405F44DB3135515EC09E1DBAEA4B9642407FED47279E4D5EC0D28C03B707914240EF46D565274D5EC0C0C0FF984E904240DB816364834D5EC0062BB1DF518D4240E536AF24584E5EC068AA2F64588B4240F6DD639FB64C5EC00B5B79EA8D8842407AE084BE4B4D5EC00F8B83119C8542404A1CA29F634E5EC0EC9AB955CA83424008505B3C1F4E5EC0F19ABA9F917F424067C8043EB74E5EC0B21B2A845D7E4240036A415A294D5EC08CEEA4AE4A7A4240,5101,Santa Clara,2101,2101,2103,2103,1898,1884,1957,1893,1929,1897,1946,5101,1785,4983,4983,5169,5169,5674,5674,4627,4627,5448,085,06085,Santa Clara,06,California
0106000020E61000000100000001030000000100000020000000E1D95868AB725EC0D300B583D76C4240153EF8DC8B785EC0E7D2CF06267B4240E38941DCEC835EC0A0FEB3E6477942409DBE9EAF198B5EC0B63B397D1C80424049F8399993915EC073AD6A07AB8D42401643C57ADB925EC0E85DE59EE89242402E2F2BDA3D935EC0BDEB645777974240870D3FCD838E5EC0CA4012B4D197424030E5AEEB788E5EC03288F64ED89A4240301C7C1F96895EC070B9134FEA9A424061D1423C31895EC0BA82AFE0E5A34240B070B3F438865EC0DE610B28719F4240AD8CE31334855EC03C0E494EA29B42409FF0C80E20835EC0D4EC058F849B4240B16D0F4AB17F5EC0E3D45ADA2194424024468D11A2755EC0DED7F5C9598C4240C0DC5981826F5EC0140B5B37CE854240DFBE50B8456C5EC0B805C73C5D804240D9FEBE14186B5EC0B6FD86E4BF7B42409A3580D09D695EC0EBBEAD05877A42400CDD57AB97675EC094192D0FEB754240D941C283A8645EC0655D16F20C7442400C18C9C367645EC0D23D04B8CD714240151815E510655EC0F33F5475EA7242401AEA030B58675EC0E5680A74D87342406D77286D1E685EC0A1894DB7AE724240458C8D2F10695EC00DDF46F395744240D47A22FCC96D5EC0287ECED5BD744240E6A7407F046F5EC0A2E018B8F273424048B0066238705EC089A63F3D2E714240FEAA4CC6AB715EC057FCF03D6D704240E1D95868AB725EC0D300B583D76C4240,2303,Santa Cruz,486,486,729,729,646,610,641,634,610,605,450,2303,1842,1536,1536,2125,2125,2895,2895,1354,1354,1799,087,06087,Santa Cruz,06,California
0106000020E6100000010000000103000000010000002E0000004ED944C1E7E15DC0AB6BFEA982E541407F4313EE36E15DC09A05DA1DD22242409CB9B00361DD5DC01E6BCA3EDD22424008BCFEEA92DD5DC04BBE44824A33424012D94975E8E05DC0EE1E4542803342406298B8FA16E15DC0D027F224693E4240D2CEA3C1B1E35DC030F7A843973E4240968E2032B8DC5DC0C59107220B49424022011F9337D35DC008DF249BE54842402915221A3CD35DC012BA1137A3534240947231E5C7BE5DC001E0B7A57E534240AF1BDFAC7BBE5DC08323B3405C5E424062E75C409EA25DC0735CD779E55D42403B7EB9607AA25DC03B90B3B8985E4240BA64A05B3D965DC086E74238A85E42403F259D3784945DC0D94996F6FA5A4240371976945A965DC01A70D03DEF5642409061FCD103955DC035383A7C0C554240BC2C9A8CF2935DC0E436335D7C5042409BDFF62557915DC0E0CFB6BB034C424068633E833A925DC0F5641FE0A04842405D5C7898D58E5DC07433B3019E414240FD2081F5EE8E5DC0D0DDA626DE3B4240E107E753878D5DC09EDC63A7273A4240DB7E43F29F8C5DC02BD7C2C909374240E9AD6810B2895DC071B96E08DD364240AB4C844FEB885DC085E40929E4354240D04A738EAE885DC0C89131EB833342406714A2AEBB895DC0AE4A01ED3732424090B4650AA7865DC0DCF82C322E2C4240DD79034804885DC01213371BE92342409B4C47C60B875DC07279417E152142401E6915A268865DC064FD0BA9C7194240C467047EC1835DC0E56F8CAE1C1642404B30A4DCA0835DC0B18A37328F134240ABAEE87B32845DC0CA758D7575114240150B32B8DC835DC0C0BD635F4F0B4240B25D887275825DC02B48F96A4303424072EC0BAE5A805DC070DC18F1D3FE4140200DA7CCCD805DC05336F63647FB41400C99A74AC67F5DC06D04A059ABF941404761EEC59D7E5DC01D46F762DEF4414030DE0BA38B7E5DC0027FD7EB86EF41409238120506805DC055DD028DC2ED4140F7400A227B805DC01EDF9C1916E641404ED944C1E7E15DC0AB6BFEA982E54140,851,Tulare,280,189,210,406,457,416,409,386,417,326,354,826,1934,756,560,347,355,296,377,445,466,499,107,06107,Tulare,06,California
0106000020E610000001000000010300000001000000340000006EFF6720986A5DC0F4650EEE73694140AB18B67F08B95DC0F9C9A4C852684140F9F5858842BC5DC0264BB56864684140A1D82BA83FBC5DC0E071A32B8567414049FC06FD77CF5DC0E2C3D3C83A68414086C4E2DC8BCF5DC03E51655A936D414082B5A4828ED15DC08341881ABB6D4140E5C0C482AFD15DC0065D88F62D6F4140381A1B1513D85DC07EF09018736F414089E00BD545D85DC0430EBEEEFC7241403B651CC02EDC5DC0EB664EB0E2724140AA6DDCC528DE5DC0BEBD6BD017734140B0F6036074DE5DC080B142BAED8941403C4516823FDF5DC0F79032DA118A41408F2FCA0175DF5DC07D6B71D7DC8B414054E5F70DFEE35DC0F2ADD53F048C4140FF61A648D9E35DC0991C4ECBD59641407401D479B9EA5DC05EE73277A59641408FC97FD4A8EA5DC05A96752067A14140E34426A6ACF35DC06CDD7A0B73A14140761A278DEAF35DC03F304F00A8AC414039FD6EF4D0F75DC0EA032C66C2AC4140B73B10FE6AF85DC06A61FD3C99B74140B1734F2E38FF5DC0113CF868F5B7414072D8E0F16BFF5DC0B240A2A6E9BA4140C56B87544B005EC0869F8BC828BB4140A1459D565D005EC0AE525127E6BC41408BDFD23958015EC0C0A35BE914BD4140A8770A1C7D015EC010276A48E0BE4140E04A555E5B025EC00E3A95CAE3BE41408FB1EADE90025EC0B304BE4722C241407F6075819E035EC0E91E23EA4FC24140E65DF580B9035EC09CBE22E8FDC341409C9F4563AB045EC0FBE218EA2CC44140A8ABB7DDF6045EC01B2B52DD33CF4140B6C913CE8F0B5EC05D65F18B60CF414061EF51C1190C5EC03593350BB0E541404ED944C1E7E15DC0AB6BFEA982E54140F7400A227B805DC01EDF9C1916E64140F620CA38827B5DC014F57ADE2AE64140519F4739967B5DC0E360A19C09E741408B21523619695DC08A283F0C21E74140AC2C7E11FC685DC0EB77FE407BDA41402A72CAD4CB6A5DC0124870C03ADA414010FBEBB2AB6A5DC0C23556E656D641402F5FA80DD8675DC066C6F4E74FD64140190FA5ACD5675DC06159C40BFDD341406AB58F2ED9685DC0A3FA39CBCDD34140F3BF22E04C685DC0CC332716958C41406846BBE129695DC0E3E3D195A18C4140EE90A49CD6685DC0322EEACD876941406EFF6720986A5DC0F4650EEE73694140,632,Kern,905,905,667,667,606,519,547,577,545,561,541,632,2115,832,832,833,833,605,415,409,506,269,029,06029,Kern,06,California
0106000020E610000001000000010300000001000000450000002E038C3620725DC0579DCD91B2F940406F59CF5ADB725DC0ED03984B0DFE4040D9CC42B7AE705DC08F386403E90241404573AE72726E5DC092B7D8C4B402414017150E100E6C5DC075594C6C3E0F4140AEA5DB6DF2685DC0D691E180AF244140EAA6BD56FC695DC0CCD07822084841408F0B7B98856A5DC0D140A862154841406EFF6720986A5DC0F4650EEE73694140EE90A49CD6685DC0322EEACD876941406846BBE129695DC0E3E3D195A18C4140F3BF22E04C685DC0CC332716958C41406AB58F2ED9685DC0A3FA39CBCDD34140190FA5ACD5675DC06159C40BFDD341402F5FA80DD8675DC066C6F4E74FD6414010FBEBB2AB6A5DC0C23556E656D641402A72CAD4CB6A5DC0124870C03ADA4140AC2C7E11FC685DC0EB77FE407BDA41408B21523619695DC08A283F0C21E74140C1C5CC36DE265DC0A5697142F8E54140A982179E13E85CC0796A6071D9E54140A4648396BFA75CC01E2D946DDC7F4140A81EE53777A85CC0CE9F1D0DB37F4140662EB295BEA75CC0ED7D0D35C8784140286B8AB659A85CC0751DCB37B2754140EA74831525A85CC0E54BC17D11704140DD61B06E7EA45CC0FDCA39677A6A41403DA384CBB0A25CC0BE21E05246614140F1D6D8A9A2A15CC0EFE58055DC5F41406680D106DC9F5CC01019FB37545F4140A9D8FB01CD9D5CC03C9B7E1EDD5A4140BB172D7A069B5CC093F15ACF314E41404A589F9BCB9B5CC03782F9D0AA4C414018FF0438399A5CC0D8930A74B74A41406E4184F21D985CC089E3C81CAE4441403CBB213291985CC0CE2B2A24113D4140A6FAA5B018985CC0C272DFC5D63A414063DD2EEA49955CC095BDDF47393A4140DD55592562935CC0A63F7FCAC63741404D1EC32123925CC004594FADBE344140FDFDDE7D80905CC07872970EE7334140570A1E32A78B5CC0C24BD314BF2E414009311B8DD1895CC0098849B8102B414093509F8995885CC043C3071B43284140C6C0BEC603885CC0492D733EE52241409D9A0D2A98895CC07262175E2C2241400C8C61F3168F5CC0D475D125D617414016EA5D7A43925CC082AE3BE5EA154140E57DFBBEA8945CC001D568071612414033017D2A409A5CC065051AC7230D41405CE6534B239B5CC0447DDCC8060A4140774C595DF9D35CC092896376F90941403497237DFDD35CC00F25BD1C34054140342737A349FE5CC0FA2DB62046044140D23D88F0313B5DC0E9111FAF720441405371A96B293B5DC08F238C55B90041400AD7E58C4F4E5DC01BFDA2E3EE004140629E19ED464E5DC06A8B2960540241409F9FF364C8575DC02B0D4636A1024140BC6D8DA5DB575DC0E54505D26E0441402B40CA3E7E635DC0F354EA0648044140858B687D82635DC03DEA3390FCFE40407BDC3322C3665DC01528399291FC4040C98766BFEA665DC01237235ADDF6404026B2C524D2695DC07CA66E9999F640408FE16F83F3695DC0E742FEFCEBF3404046287466946B5DC07176297DBAF34040435166A45A6B5DC08A266961C3F040402E038C3620725DC0579DCD91B2F94040,5749,San Bernardino,1220,1220,768,768,1133,840,1074,1068,838,696,687,5749,2116,1258,1258,1692,1692,1247,1247,1311,1191,1179,071,06071,San Bernardino,06,California
0106000020E61000000100000001030000000100000019000000AB18B67F08B95DC0F9C9A4C852684140F60D2B60EBAB5DC0B62A0D2528344140FEAC859B84A85DC07C4E726E3025414088C7137B47A85DC0AB4FE6DD601F41404CAA747FCEAA5DC036003C1E8A1F4140FAA8F198E2AA5DC03A80B88A49164140DF0BBC28B4B25DC0FA55EB8A3A1641402307F4DBFABB5DC025A9AF5BC20A414026B1BD791EBC5DC06C3DA662210541405619BE6CD8CD5DC0A6E9584ABB124140AC659DB712D15DC08004CD007A1E414071A9EFA1E9DE5DC08B087379FB2F41404199A9BDC6DC5DC0CC4BF6B6B6324140547E0860F9DC5DC040E48810323641404DDE3ADEE8DB5DC0384A7FABCC3841403B651CC02EDC5DC0EB664EB0E272414089E00BD545D85DC0430EBEEEFC724140381A1B1513D85DC07EF09018736F4140E5C0C482AFD15DC0065D88F62D6F414082B5A4828ED15DC08341881ABB6D414086C4E2DC8BCF5DC03E51655A936D414049FC06FD77CF5DC0E2C3D3C83A684140A1D82BA83FBC5DC0E071A32B85674140F9F5858842BC5DC0264BB56864684140AB18B67F08B95DC0F9C9A4C852684140,1410,Ventura,426,551,461,524,830,683,600,518,460,494,488,1535,2263,1732,1291,980,1243,1074,910,957,777,664,111,06111,Ventura,06,California
0106000020E61000000100000001030000000100000035000000CD075FF345055DC01072412A83B64040D6457EBBF4415DC09A492FC5B0B64040902E57BBFD415DC0979FA7439FB7404024CDC419284F5DC090DFF49188B740405B2CC1B9314F5DC03D4EEA2EFDB840403716B94C72575DC0AA9D405CE2BE4040D6D6998C34575DC0ABBFD2B754C14040C3C36AE293605DC066B8C7F315C1404010DE4703B2605DC02EC9E0ACB1C44040A038DB37525A5DC0EDB36F9376D4404097C39382935E5DC0C1323EE57BDA4040A0CEAA0901625DC032003363FADA40402F7AFA4A18625DC0E5565238CCE040404E2F8C4F5C645DC092B6E9B6E1E14040435166A45A6B5DC08A266961C3F0404046287466946B5DC07176297DBAF340408FE16F83F3695DC0E742FEFCEBF3404026B2C524D2695DC07CA66E9999F64040C98766BFEA665DC01237235ADDF640407BDC3322C3665DC01528399291FC4040858B687D82635DC03DEA3390FCFE40402B40CA3E7E635DC0F354EA0648044140BC6D8DA5DB575DC0E54505D26E0441409F9FF364C8575DC02B0D4636A1024140629E19ED464E5DC06A8B2960540241400AD7E58C4F4E5DC01BFDA2E3EE0041405371A96B293B5DC08F238C55B9004140D23D88F0313B5DC0E9111FAF72044140342737A349FE5CC0FA2DB620460441403497237DFDD35CC00F25BD1C34054140774C595DF9D35CC092896376F90941405CE6534B239B5CC0447DDCC8060A4140FD84D469749B5CC08F0A73EDD10341400B2A47542AA15CC0A996DF2F87FB4040B2C1FCF4A3A15CC00CAEDAB1E8F9404012FA3650E29F5CC0541BBD9667F640409BA6B67157A15CC0716D4D5F74EE40400C38F00FC0A05CC0E21C9682C5EB404046D1E2105AA15CC0767CC564BBE940402A2C02AD4AA05CC088DE1C8DC7E24040063A078DA8A05CC0CB82683121DF40403646C229B99F5CC0EAB74CD9ABDA40408A6E62ED54A25CC08B630BDE63D74040A6AE42EB9DA15CC0E8DD37422FD540402EB46B29BDA15CC07D0C4E2BA2CF40405BF0FD6893A25CC01A230A144ECA4040CECE9A06E2A15CC023B6C378B0C740406E15276B92A55CC0FC1E2F8335C140408E18030C47A65CC042ED966839BE4040217F82EEBFA75CC0A32BA60CFBBB40404E82714F5BA85CC0F2A5A6133FB84040A2DB018D48C45CC001218AB0FEB64040CD075FF345055DC01072412A83B64040,3178,Riverside,1330,1330,1323,1083,1113,1006,1090,1057,884,814,768,3178,2399,2043,2043,5090,5090,1888,1888,1488,1351,1638,065,06065,Riverside,06,California
0106000020E610000003000000010300000001000000320000003B651CC02EDC5DC0EB664EB0E27241404DDE3ADEE8DB5DC0384A7FABCC384140547E0860F9DC5DC040E48810323641404199A9BDC6DC5DC0CC4BF6B6B632414071A9EFA1E9DE5DC08B087379FB2F414035BB8B83CDE65DC01A1B78BD4D354140F63946CBA4F75DC0CB8B655DD0334140B4062957BC005EC0835571BA173B41404E379A6DF8085EC0788DE94B673C41401643A46C321D5EC0DC1298D2A3384140281F8A1B9A205EC0C9510461BC4241409E46D6F10A295EC0DEA1725D42494140C715930E81265EC0A4FF06691D5A4140B94038556D285EC0957A58A044614140E9670313EC265EC0C8510CD2846D4140944847DE9E2A5EC0531BC507B07341403DB1F3DB3C295EC071B7985D7F7C4140805736395D285EC0B3DEB941FE794140A1A61275D1265EC07F5E02017C7B41405312A7CD17245EC0FC1E2F83B57B41406D06D1BD7B1E5EC026FF51A3A97E41400359B2D7791C5EC079FEBCC2E57E4140FFEFA1A775175EC0B762A0E7A67A4140570DDB790F135EC06D228ED02A73414094CAA9D74C125EC01275170F8C7441402A44347867125EC0932319496D794140EEBEF8DCE8135EC081107F03497E41400277A8BFC1145EC0AD6364E2397F41406F8BC77FE0145EC025ACAEBF7C814140CC0CFA5614125EC037C457BFC2814140B301E0F190105EC0AFA7467D4C834140089F392D300F5EC05EE3C83DBC824140D346D8640B0D5EC0EC6F225D608341403629DC5D6D0B5EC00426687A268541401330D359DA0A5EC0B463B874AB884140EDD5E85148095EC051AC8D90058B41405605B4BE52055EC0C4087EA78B8E4140DCAB45FAA3035EC05D2868AC608B4140D7414E2D55FF5DC00E4CB0302B884140332B04076EFB5DC021C5A5CF33874140A42E4246BAF95DC0A85D23B4AB8441400983F8E19CF75DC0AC5791D101854140F7E0BDBCA3F25DC06E004FBD627E414053701D8891EA5DC056775535FB7A4140CDBCA81F8CE75DC05CDADBF39D78414021981F8F4BE15DC0DBCC1938BD714140A885BB481BDF5DC0D030AD34C671414068C0496805DF5DC0DFBB93701D734140AA6DDCC528DE5DC0BEBD6BD0177341403B651CC02EDC5DC0EB664EB0E27241400103000000010000000B0000001E1A926A8AF75DC090AFD217A10941401E61623DBFEA5DC07C57EB61BB0241406D12CD4DA5E45DC088EA73D62307414080B8CC657AE15DC08C4C3C776D0441405A76142985E25DC05EA0E6DCD400414010A032409AED5DC00AD2EF6F8EFB4040246D99C239F65DC05F16C90DF5FB40404F4E6163E6F85DC0ACDD5D04990041405C359566EFF75DC00DD2BE7F14044140437783475FFB5DC0D828EB37930741401E1A926A8AF75DC090AFD217A109414001030000000100000006000000F6D91A74B60A5EC0F71F57F24AF64040C5B9D961440F5EC0AFDA2DB064014140E6BDFFC9FE025EC0D238D4EF42054140EBF46A1DA8FD5DC0FB39CB4D50F9404046830CCBFC065EC0251A8B4389F24040F6D91A74B60A5EC0F71F57F24AF64040,2773,Santa barbara,1480,1480,1148,1148,830,678,904,854,839,923,967,2773,2406,2973,2973,868,868,978,978,890,890,893,083,06083,Santa Barbara,06,California
0106000020E6100000010000000103000000010000001A000000818B5FC232485DC04307B87B944440404EF9A5B8C94C5DC0E1EDFFEBF55B40406968C904B8475DC09DD43CEC2A4D4040C232D349F8475DC0B35C363AE75640404EFE59B9B84C5DC0666B1A67955E40402AD9FB9EE24F5DC03B27CD510D57404067F461C542525DC0A69718CBF46C4040C54C89C14F505DC0DC05B5A5AF714040F16DB02605555DC0309F8B0A458E4040002680CD3F5A5DC094F1F7A4F69D4040B21125AD3A665DC041AEBB1680B24040ADCA95AC10655DC057F95404EEBA404005481BE4C1615DC03EDD6900A9BB40408132F8C19A605DC04A48DE1886BE4040C3C36AE293605DC066B8C7F315C14040D6D6998C34575DC0ABBFD2B754C140403716B94C72575DC0AA9D405CE2BE40405B2CC1B9314F5DC03D4EEA2EFDB8404024CDC419284F5DC090DFF49188B74040902E57BBFD415DC0979FA7439FB74040D6457EBBF4415DC09A492FC5B0B64040CD075FF345055DC01072412A83B640402224032738055DC012F372F98B89404021994848A8065DC00EAE6F16658940405FB296A7D8065DC0639D09D14A4F4040818B5FC232485DC04307B87B94444040,4038,San Diego,3981,4417,3981,3918,3980,4371,4305,4521,4586,3729,3539,3345,2474,4014,4465,5456,5642,4574,3985,4156,4940,5621,073,06073,San Diego,06,California
0106000020E61000000300000001030000000100000025000000D8F05775D4865DC0DB526232B0DF404043275B8FC88F5DC0275447F90FE3404074CE4F715C925DC0E7276AA319DA4040ECCA3EFAEC995DC0C80D9E8D85DE4040184B68FD739B5DC0A9CB39E341E340403EB40BDDD7985DC0154A9142FAE740404C1C3704609A5DC00F4AD21405F14040BC0234BEADA25DC001FC53AAC404414067853B7A70B25DC09EC27C3F5602414026B1BD791EBC5DC06C3DA662210541402307F4DBFABB5DC025A9AF5BC20A4140DF0BBC28B4B25DC0FA55EB8A3A164140FAA8F198E2AA5DC03A80B88A491641404CAA747FCEAA5DC036003C1E8A1F414088C7137B47A85DC0AB4FE6DD601F4140FEAC859B84A85DC07C4E726E30254140F60D2B60EBAB5DC0B62A0D2528344140AB18B67F08B95DC0F9C9A4C8526841406EFF6720986A5DC0F4650EEE736941408F0B7B98856A5DC0D140A86215484140EAA6BD56FC695DC0CCD0782208484140AEA5DB6DF2685DC0D691E180AF24414017150E100E6C5DC075594C6C3E0F41404573AE72726E5DC092B7D8C4B4024140D9CC42B7AE705DC08F386403E90241406F59CF5ADB725DC0ED03984B0DFE40402E038C3620725DC0579DCD91B2F9404026142A51197E5DC0B55E5F2DEFF84040F7DD5B2E2E7E5DC00F0FFED1F9F44040DBEC7A2F5F7F5DC06831E333FAF24040A4B5794E807F5DC08268F7F50DF14040FED73531CF805DC03447DAB6BDF04040B87C1CB4B4825DC0D96AE6FB6FEE404030D550932E845DC05B1E94C5B7E7404009695396DD855DC052410B2AA6E54040341B3B13A0855DC01301776E94E14040D8F05775D4865DC0DB526232B0DF404001030000000100000008000000543630E210A65DC08948A8748BBD40404C4D277E31975DC0C8D7D8049CB4404013E08993DA925DC05A541732CFAA404020E9365575935DC0783B0CF75BA74040ED41AD0E259D5DC05026459692A94040193E5C51CE9E5DC003541FE5B3B54040B0B8EE9C9CA35DC0D3FDB51F9DB74040543630E210A65DC08948A8748BBD404001030000000100000007000000D5D0611976965DC0606BBE63DB6840407D20BB03E39A5DC0FAA3A0C22E6740400C11C350BFA05DC03B38B78D2F724040261C597D5EA65DC05259FBD8B082404076D1E33993A45DC063FEFAB69A84404062B34C54A9A25DC0F12A6B9B627E4040D5D0611976965DC0606BBE63DB684040,39182,Los Angeles,13788,13788,16745,16995,18587,15426,14492,13112,13334,12175,14966,39168,2480,21857,21722,20827,20500,24969,24977,31025,34701,42828,037,06037,Los Angeles,06,California
0106000020E610000001000000010300000001000000280000005FB296A7D8065DC0639D09D14A4F404021994848A8065DC00EAE6F16658940402224032738055DC012F372F98B894040CD075FF345055DC01072412A83B64040A2DB018D48C45CC001218AB0FEB640404E82714F5BA85CC0F2A5A6133FB8404093E60B3149A95CC0D5765598A5B5404064D5185B65AE5CC044BA449A9DB44040491C26D807AD5CC092A2DF081CAD40401B66683C11AF5CC08401197421A740406D3703545FAB5CC096919B5D4EA24040996C557503AC5CC0676C0104A09E40400C9115F485AB5CC0628CFE86BF9C40404073105366AB5CC0FAC04472689540408CE49FD767AD5CC0508691FBA98F40407F0FA0D786AD5CC0CD59C080358C40409331252F7EAA5CC0A94F306BFB8440404B79294C4AA95CC006A79949AF8540401DC607EA92A85CC0DF49D1EB4B844040225CD80509A75CC0953070CC7483404017107B1DC8A35CC01A62A349B5844040BB02B8F651A15CC065DAC4EA8B834040CDFD380EFA9D5CC0F7029234287D40400798F90E7E9E5CC04ADE8CDCCB7740408BE5332C889D5CC0F64C48CE366C40401EC18D94ADA15CC04FE36235AB6740407E9E92B53EA25CC01D4E89B9DE6440409F6A8014EDA15CC01021AE9CBD624040BAC55796C3A25CC0FB281BBDB7624040BBBE0796C0A25CC0754B9B3F60614040F69F90F8F0A35CC03A28BC5F6061404018C34958E3A35CC0CA7F2F22DD5F4040BD77AB199FA45CC08BAB88A2D95F404037CD75F99AA45CC00E33B065645E4040A23F971DA0A65CC0041C2187315E40402B0E90FDA6A65CC05E42ECE9F65C40400E7679296BAC5CC02B4F6208E75E4040B027D3CB9CAD5CC05BA9F3EA145E4040AC10E20C36AE5CC03650E80E455C40405FB296A7D8065DC0639D09D14A4F4040,237,Imperial,113,156,157,157,194,136,148,164,190,128,128,229,2490,348,348,314,103,104,134,364,252,1026,025,06025,Imperial,06,California
0106000020E6100000010000000103000000010000004E0000005EB76BB6F0B35EC06F6846161B6C43401051755DF2C45EC0416A6EE0E96C4340E786AE5DFDC45EC0C5543C26396B43403C674D243FC85EC04C080C48316B4340BAC61D2565C85EC0BC4681F4836743407693CE763BD75EC0DF4588C04B674340188ECE963FD75EC0B0BF362C57634340D1B1A45805DF5EC06D821C5294634340CA30B45B87E15EC0C107C8FAFA6043402A3FE3A133EE5EC02F2416E75E764340C9AED59ABDEB5EC0D2A34EE559854340C67DD4F413F45EC0CE840DEC84AC434029BB2E364CF05EC0A60BB1FAA3C6434031AE1B6325F25EC06CA0F12BF3D74340BE997F91A3F55EC0E78E7A5FC7E94340872251267D005FC00C280E7FD1FF4340F042E7F359E25EC03585A5ECBAFF434009E44CF227E25EC054A0601022FD434058D94655B6BB5EC00FBD418B57FD4340B8B501AF41BA5EC037BB9CAFE5F74340484E266ED5BA5EC021B5A2301CF543403EDFFD8E34BC5EC02BDA7F11F2F24340E86B96CBC6BC5EC035508D5552EC4340BE8C9C646FBB5EC0510BCAD9E0E5434087282EE048BB5EC04F80F65D70DF434014023DFDB5B95EC04DC8DEBD69DF43403185FF5BA6B95EC08C1DA6E01DDB4340C5B3DB998FB85EC03E36D100C1DA43401F69CB144EB85EC0FEB926AC26CA4340DE4BE9B23BB85EC0C174B570B4C343409E1C0DF94ABB5EC09E842DD1B4C34340AC41B1785EBB5EC00FA9D4B2D6C1434070B80BA4F6C05EC0CD233D141EC243407172BF4311C15EC0A24E50F5F1C04340525536E654C25EC0FA14B655FFC04340B742DCC549C25EC095EB5496F4BF4340115E712747C35EC0E9C1F6F6DBBF4340CED435A45BC35EC06E02678492B943406CE289C514C45EC0FA30B58480B943405FD5F60235C45EC0362CFCCF50B44340CAF7CE60FAC25EC08201840F25B44340B49D63FED9C25EC0E53A741734B043407F722DBD2AC25EC0B37515F744B04340B36785D88FC15EC01F411AE3FDA9434058B3E7959FC05EC0B1E7632583A84340F612BE5271C05EC07517CD6F3DA3434028E36B11C9BF5EC0E7C8CA2F03A343406B0534AE0BBF5EC0AF1198B9069E4340DC4687B02FC05EC045E4895AF99D4340917F66101FC05EC0419B1C3E699C4340A7E9D411D7C05EC06AAF159F489C43405708ABB1C4C05EC009FB97207A9B43403CB0D293E8C15EC06FB03FA26C9B4340512FF83467C25EC0F7D24EACD79643408D3EAC5838C45EC0634FF16E9B964340E305C71B8FC55EC0FC83EDCC29894340D7E9175722C35EC039620C309C86434066DC7116B8C25EC056E463B91D824340F3A1979348C15EC0805B1C3A62814340A05E7C133BC15EC0D4A8763C1C804340DDB0AF6DB8BE5EC0A0E5B31B018043401A93F6EDC1BE5EC0C4D41202247E43407C1511AC07BE5EC00F8ABD82FA7D4340EE9CA02C00BE5EC01B787B3190794340EACE55EB6BBD5EC0C3F5C53154794340D4426E2B62BD5EC0ECFE2DD87877434006755F0818BC5EC0E8058EBA8C76434031E6958803BC5EC0871744A4A67343400B72FEC329BA5EC0340DCC02D4734340F12134C429BA5EC03700B8E5E5724340A4D0686105B95EC0E2AE5E45C6724340E3288AA1E6B85EC0507A956BC07043405D403FBE8AB75EC0E03C286AE1704340CD5F5B1E6FB75EC0FF77A7AF256F4340960C7C1CB8B65EC0C4B3A1EE456F4340DC23A31CAFB65EC09BB75E91676E4340335A1ED6E1B35EC00BF1E591816D43405EB76BB6F0B35EC06F6846161B6C4340,1138,Mendocino,284,285,235,235,142,127,174,186,152,192,160,1138,3145,967,967,1314,1314,1218,1218,795,1050,1078,045,06045,Mendocino,,
0106000020E6100000010000000103000000010000003C000000019C62FE9F545EC00E25415558394440EDCD14DFF55F5EC087337D7E313944404FC6BE8571635EC00DE7B73B2D3944405E95130648645EC0A675C01A8C374440BE3ABF0F64695EC0132012D7943744403BC16116186C5EC04EA080D4C3394440B86CBE5BEA6F5EC0ED6C7EB218374440C66B3DC7B0755EC0FBC09F2B5B374440BA4EE110437B5EC0743757E6103544401ECCBB24AD855EC01B04673A05334440DED5FE10938C5EC0C5B5D252162F4440099EE7F4618E5EC0C492F62FDE2F4440752B7C6450955EC0E78EDD89022E4440CCD4C14D08995EC0C76007C6282E4440FD42B897EE9C5EC0DEA471C1FC2E444055FF182159A05EC037F8469D4E314440067BB8897FA85EC079FA317B132A4440CC2534CDE4AA5EC0BA988F39092A44401833F41545AF5EC0CEC6C6930F2E4440ED9BDA9D5EB65EC02A0A89EEB82B4440D82A03FF02BA5EC02579AEEF4326444019BAA7E5E6BE5EC023E6692BBC264440D78A36C779C15EC01035B84A83244440A0F2D86487C15EC00AB22B4E31214440114E6E886FC35EC0814DAD295623444038ABB2AD2EC35EC060A120C2092B44407F15BFAD24C05EC0DDCEDF000A3044401C167A2F84BF5EC061DC4FBE87334440F45C74ECBFBC5EC059C0E35FF4344440805988AB56BA5EC0D215AE3F703844403338840927B95EC00E1F09E2D9374440EDBA33EACCB75EC087EC7200B33B4440E8C5E46829B65EC0850FA1214E3D4440A4969CC96DB55EC02A21920039404440DFBCFE458CB25EC0F9FF4843D3414440D4E49446EDB15EC01F3AF361AC444440F6F9FFA3FCAF5EC04BDBC7239B4544408A5BE422A7AE5EC039FF02831C48444093FBE3DE38AC5EC0F5D6E1647248444075B6785FF2AB5EC096B2EB62434B44403156404665AE5EC087F8A83B26514440734319CB70AF5EC0028CFC34CD57444087C34E88ABAD5EC0B3F0F5B52E59444055ED47482CAD5EC06BF02155525B444048797B4AADAD5EC02F3907322F5E44407102D369DDAC5EC03BA693113C6044400BE402650DAA5EC0D5B97915DF624440B65AD4E59CA95EC0ABAD9EB46C694440742523E3E8A65EC0B83B6BB7DD7144409F89974489A65EC0021C52772B794440F5C8D57EE1A15EC0C8DF283FCA804440A455CABE6DA15EC09E1549A23489444071161F34F59C5EC0141D6E2CCD8B4440AB62C7D2499C5EC0C9160F10C892444075D9D8BA4E9F5EC04754EA8A0097444034BBAC91765C5EC05384CC7C249744403B5474A0DE545EC0A1A6F166E89644409858F00DCB545EC0EFF8BC0338734440E5613EACF9535EC0BA31FB4437734440019C62FE9F545EC00E25415558394440,62,Shasta,250,201,194,215,356,342,504,548,244,312,530,46,953,146,121,171,182,347,82,347,960,404,089,06089,Shasta,06,California
0106000020E6100000010000000103000000010000003D000000546ADDA30A415EC03702AF9EAC404340A00D4CB030475EC0DAFE19CECA5B4340F5CC9A71FD475EC028EEBAAFB15A434012E1579304495EC0B6662B2FF95A43408A8164F026475EC079AC3A27CD5F4340F2A1D9AFDA455EC0B553319D6F67434030A8250C79435EC005174C78996B43404E9E918C45435EC02811C0519B704340648D61EB65425EC0DAE309AD9C744340BCEE0802BF3E5EC0AA47F9CD6D7543409D819197B53B5EC0B2859CCE0078434049A97CB66B3B5EC09755D80CF07943408ED308E42F365EC06DCC2534CD79434019366F419B355EC04F3E7FD2377C434065400F1858335EC03947BAF29B7F4340A21B0E09A72E5EC0C9EF447B0280434000ED6027292D5EC0BD768260027E43409AF0C7C4982B5EC00C20BE44A37D4340332DB9A3622A5EC09AB4CAC8B07A4340100C391909245EC0C32D405732754340EC9BA0F2D4205EC0CA91E75D69774340B12E13EA8E1D5EC02AF70A248B7B4340C4BC0145F01A5EC0E236BF0669834340AD372869D70F5EC0CC51915470824340D2D7FBA6930E5EC0F4BBD9B48C834340EF219F5F6D0B5EC03260A0D67A834340544E419F840A5EC0303F1E9744854340E711693C4D095EC0AAD7CAD727854340C2182EFEB8085EC0AA541E173488434073BD2B8AB0FF5DC0C6564C7C20884340D7B5A440B2FF5DC0C206B8DE3E7F4340C9371DF9EAF85DC0B8F7BA560C76434072F054D91AF95DC01D0C8EF501744340D72A8737E7F75DC045BDE0D39C7243400F8333D7EDF75DC0A6134351246E434020EF76397CF95DC03B6115B1806C4340816F05DAFEF95DC07DFDD66FA2694340586873DEB7FC5DC09C9459EFFD634340EBE787F033045EC058C434FC3C59434083BEF4F6E7065EC0F70468DF8558434014C2729DA9085EC00D292FC7655243403FAB696A5B0D5EC0F1F99B2FFA4D4340380E82AFE40E5EC0F03071D41F4A434020F212733B105EC056BB05964C494340548E66B803125EC0DBB917356B4643406DCBBA5E9E145EC06DBD32B1F14443406BA0756457175EC040AF4F6B6045434063F2A36D3E1B5EC0F1971E66124343406BB09911181D5EC03D2C506242434340C68314D95A205EC0A3B2403FFC404340DE607F4459255EC04F97207E59404340A934DE2D7B295EC01FA52B3B71414340DCB694984C2E5EC0E6CBC993BD454340A0F8730281325EC0A13F5D72964643403D633EA448335EC0AD3917B19547434075E6602E90375EC0450FDF3611444340FF349CCF0C385EC0C1FE2DF986424340C424BFF25E395EC00E7E66399E424340C12A2856D73A5EC02DE8205C3F4143400D69D818093C5EC02BFD007B37424340546ADDA30A415EC03702AF9EAC404340,75,El Dorado,91,75,63,63,133,180,131,146,121,121,106,16,1424,83,83,37,37,49,49,148,148,496,017,06017,El Dorado,06,California
0106000020E6100000010000000103000000010000002E0000009DBCA7F6926A5EC0A8A5DA23AB154340B4420DB643695EC01E0714A0DC174340F01493B347665EC0826D27BE98194340C70A025486655EC00445E2D43D1E4340D3DA34B617665EC058DDF2AA31234340D34EACD75D655EC041819800D3284340F88C65766D645EC03F88E800D6284340EC62E476F9635EC04644EF5C312B4340E24C3C3551625EC02CFC327B4D2C43406F5FAC1467615EC00887A437582E43404F649C75BC605EC0AAC37E0D90334340555E9FF78E615EC0BFFF45860B3743403FA07DF66D605EC04B1D05044A384340BDFDDA7631605EC0676902A0653A4340C54F671761605EC0777AAD9D8B3B434010AFA9FB99625EC03CA08DD8FE3D43408713B95CD4625EC003EE16D479404340CC77955A54615EC06FF8F611EC414340492F28DB99615EC0C425A68F694343400F93F459B3605EC0AF09698DC1444340EACA67791E605EC0DCC79FE2974B4340964451FB08615EC07B2C0121274D43403B5FC33E07635EC02A553FC2F24C4340C3E82421F2635EC079A67E7B2A5243400BD019C5F0655EC01254A6FB2D534340EE4DE349D8675EC0B8150CF8465743402E55ABA7FD655EC027E208AD625E4340CADDE7F8E85E5EC03FEB75E6F95D434012E1579304495EC0B6662B2FF95A4340F5CC9A71FD475EC028EEBAAFB15A4340A00D4CB030475EC0DAFE19CECA5B4340546ADDA30A415EC03702AF9EAC404340EDCABAC108415EC036246A7950264340F9220CC9EA455EC007FDB758F224434067D8E6CE254A5EC0629C855E7B204340B3987552A14C5EC0B2E54B5E531F4340F6A1037913515EC0DF8B2FDAE31F4340D2C863DD6A545EC01C43217E551D434021EEE2E49B595EC04E20915BB81D43406AF68247025B5EC0E9A064D5942043408F7D5E2BC05D5EC0158A3A949D20434064462EEEF5605EC08CE8E802A81843407F96F8EDB5615EC02945C8CCC71343407FC9002F77635EC0BAF6471095114340977D4F93366A5EC09D6DA8F7580C43409DBCA7F6926A5EC0A8A5DA23AB154340,1266,Sacramento,1447,1349,1606,1540,1421,1857,1752,1663,1711,1552,1613,1005,1490,1194,1194,955,955,786,786,948,948,2052,067,06067,Sacramento,06,California
0106000020E6100000010000000103000000010000008400000052B3CDAE772A5EC03C33C170AE23424008F13790A42A5EC090D69CAC662642407C9D716DEA295EC0EB14D4851228424053243EFB3A255EC0991EC14BF82A42408FED4A0534255EC0D221AACFD93D4240C2B13E50F4395EC0B91BE1408A5E424094380223B5215EC038DA0E9934854240020ADC57F11F5EC05CB19EDE357F42402306AA14F51E5EC028FAB63F1B7E42406D0180E7471C5EC0D5B7E586D3764240A434DDE3F31B5EC03C1F338AC4734240C18BBE82741C5EC0485FF70C9771424088BCC4DC9E1B5EC0BCF3DD10576D42404E3C4E6E27175EC0D6967473F56742403204BEAA4C165EC0FD061655F96542404307D9897D165EC01FE083B6A0644240472465E61D155EC033D9E495106442408740A2C7F7145EC0F94E2734A46542403354411C56115EC0BFDDEDD522614240D68E2439070F5EC011EA5C303C634240346BC6F5B10D5EC0985B318ED7624240FD3B91169D0D5EC000A5468D2E644240BAE0A9D3030C5EC06BAA9B4923654240E6E95C518A0B5EC03B5E586998634240665C618FC30A5EC0E325EE6767634240D28BB9EF010A5EC09DEC8FC5F0654240661CD94B49085EC0BEA9612252664240A96AC4C48D045EC07883603C206942401607E11B14015EC082ACA7565F684240C80EE8544BFE5DC04A15BD3AE46A4240C0CDA0A9F0FA5DC0C7353622B56A4240E5C2791F64F75DC0A02CC60AC86D424021263CFC90F65DC0464A69EC016D42408857C476D8F45DC05E7B0B908D6D42401F80375149F35DC0FF0A15F3DE6C424096ACCC8C65F15DC05C18F1B6357042408BF7A94B42F05DC06166A73871744240F64FE407F6EE5DC0584723D9027642406EAE7168D7ED5DC0FE2EA678607D42407F8A3E7A5EE95DC08F29CC3900814240487D8259DBE85DC020BAFB7758834240B5FF01D6AAE75DC0AB3B58F7F68442409908E1F214E75DC084B518D921834240C5025FD1ADE65DC023F5BFD852834240779A92CD11E55DC001252E9571884240E60A8C48D6E35DC04F132AF69F874240370E48049BE25DC0E195C9150389424095AD1EC5B3E25DC068B55DF4578A424094E603C040E15DC04A2B9D93078C42401B9139E044E15DC0F403B232F58C4240C73DE986DEE25DC0C936D331A58D42407DB9AA47B5E25DC0B7E1E26E319142407D81EE0545E25DC0A1D58F6E80914240344A97FEA5E05DC01D416470988F4240C94A1FFCFCDF5DC071555DB0E98F4240097AA0FCFADF5DC09EB29AAEA79142409A81A17906DF5DC0C611AD0DFC9142404CE86834BDDD5DC0D41CCD4FF98D424061D6931225DD5DC01F33EDEEC38D4240134D1C5021DC5DC0CA22454B3B91424035ACD2ABBBDA5DC0BDD75AA9B191424084CB53EB77DA5DC08BDD80C79E934240898F784740D95DC081F52CC6C8934240DAF5DA85C9D85DC0A9F1568686924240E6A8CC62DCD75DC04A6CEB65639242409014D37D27D65DC0906F6BE24F944240BB71205E36D65DC0F39E7721A595424090B3B81866D45DC0DBD8B29DEB974240F7C2AE37FBD35DC0DE6CF79B9E9942409392793F09D55DC0F237CA8FB2A64240098DBB9CADD35DC0D2AB014A43AC4240A05A54F6E3D15DC0660AA54821AE4240B75384E519C15DC01307753689C94240194D363709BA5DC0B1291DCD8DC34240DFF4F432C6B85DC0F73C5ECCBFC04240E7C5479364B75DC05109786727C04240989151D0F3B65DC0FD8F23089DBD4240B069CE8FF9B55DC0FFF60A4599BC42401987C0B24EB35DC091E1E3D906BD4240AD4AE84F57B15DC0B72C783402BA42404D49390CA4B05DC050D9FA334DB74240DF26508246B25DC0637870A055B1424055BF90DD1EB15DC0C1F46A3EB6AD42400C2BAAB890B15DC0A88C3D839FAA4240957C91759DAF5DC0CA63931D97A842406F226551F9AC5DC0E425E6F69EA7424064A273445FAA5DC0A58FAFF325A04240888893E280AA5DC022BBB995B19E424057A688A18FAB5DC0C997AB7A549D424025734DFDD3AA5DC0020A9A3B9F9A424028D23FB9D4AA5DC0526D89BF9A974240EA4CB1D5EBA95DC09A63F51E99954240D97813F0E9A95DC077CD37E497914240FDD11ECCB9A65DC01844417CA2904240DB1F4154CE9B5DC072F20976CF864240BABF9BEA209A5DC0CC6A911F377D42401764AAE44C975DC0F5B5D37B4F724240F88FE0A1C3965DC0E44E441AF06B4240210A0322C6985DC0A479B6FD616A42401A99707D52975DC06C32F4997D604240BA64A05B3D965DC086E74238A85E42403B7EB9607AA25DC03B90B3B8985E424062E75C409EA25DC0735CD779E55D4240AF1BDFAC7BBE5DC08323B3405C5E4240947231E5C7BE5DC001E0B7A57E5342402915221A3CD35DC012BA1137A353424022011F9337D35DC008DF249BE5484240968E2032B8DC5DC0C59107220B494240D2CEA3C1B1E35DC030F7A843973E424028680F8B43E95DC05ACE4AFF37364240E267D08E63EA5DC0948F38BFBC374240A217A4CFFDEA5DC01C31AB5E9B364240AEA2FD17E1EE5DC08083D5DCFA3442401C5025B9B2EF5DC060568BFCB83342404E34BC1767FC5DC0E14260DDDF334240A7233E7FB3FC5DC0AC7DF09018184240FFE5DEECE4125EC0A92824BAE3F44140D61622D0EE135EC08367E7D9D1F541402F74DB74FA155EC00E6EE7D22AFB41400377C15C62185EC0CB0F7DF3F2FC41408A7F8E45C91A5EC06F1C8897EDFC4140D1604B76891F5EC06D05C91208044240A30A1C5CFC205EC0EC5BBDF5A70342403FF981CC8A245EC05CC6F25341094240C130051023255EC0116F7C71D20C42407235D33956275EC09989D816540D42405A98E8A0C9285EC07998307907104240F19991E6B4295EC0D289A999DA14424000943B43E3285EC0725C1996B7154240AB7AF99D66275EC0FFB5172CB01A424012B3878B162A5EC083275F96971E424052B3CDAE772A5EC03C33C170AE234240,1556,Fresno,2735,1951,1888,1831,1313,670,594,709,539,452,487,1512,1772,2457,2457,3822,3822,2537,1883,1183,1431,1529,019,06019,Fresno,06,California
